seed,split,variant,threshold,model_name,dataset_name,accuracy,f1_macro,f1_scam,precision_macro,recall_macro,precision_scam,recall_scam,roc_auc,pr_auc,TP,TN,FP,FN
42,internal_validation,soft_0.5,0.5,soft_0.5,internal_validation,0.9669,0.9667,0.969,0.967,0.9665,0.9651,0.973,0.994,0.9943,360,312,13,10
42,internal_validation,soft_min_fn,0.03860015049576759,soft_min_fn,internal_validation,0.8619,0.8559,0.8852,0.897,0.8523,0.794,1.0,0.994,0.9943,370,229,96,0
42,internal_validation,majority,,majority,internal_validation,0.9727,0.9725,0.9744,0.9726,0.9725,0.973,0.9757,0.994,0.9943,361,315,10,9
42,internal_validation,calibrated_logit_sum,0.5,calibrated_logit_sum,internal_validation,0.964,0.9638,0.9664,0.9644,0.9634,0.96,0.973,0.9942,0.9946,360,310,15,10
42,test_internal,soft_0.5,0.5,soft_0.5,test_internal,0.9612,0.961,0.9636,0.9611,0.9609,0.9623,0.9649,0.9901,0.9922,714,622,28,26
42,test_internal,soft_min_fn,0.03860015049576759,soft_min_fn,test_internal,0.8633,0.8579,0.8855,0.8941,0.8543,0.7989,0.9932,0.9901,0.9922,735,465,185,5
42,test_internal,majority,,majority,test_internal,0.9619,0.9617,0.9642,0.9618,0.9617,0.9636,0.9649,0.9901,0.9922,714,623,27,26
42,test_internal,calibrated_logit_sum,0.5,calibrated_logit_sum,test_internal,0.9604,0.9603,0.9629,0.9604,0.9601,0.961,0.9649,0.9908,0.9927,714,621,29,26
42,validation,soft_0.5,0.5,soft_0.5,validation,0.9649,0.8953,0.81,0.8451,0.97,0.6923,0.9759,0.9948,0.9023,81,964,36,2
42,validation,soft_min_fn,0.03860015049576759,soft_min_fn,validation,0.9187,0.8038,0.6535,0.7427,0.956,0.4854,1.0,0.9948,0.9023,83,912,88,0
42,validation,majority,,majority,validation,0.9649,0.8953,0.81,0.8451,0.97,0.6923,0.9759,0.9948,0.9023,81,964,36,2
42,validation,calibrated_logit_sum,0.5,calibrated_logit_sum,validation,0.9649,0.8953,0.81,0.8451,0.97,0.6923,0.9759,0.9839,0.7036,81,964,36,2
52,internal_validation,soft_0.5,0.5,soft_0.5,internal_validation,0.9655,0.9653,0.9678,0.9659,0.9648,0.9601,0.9757,0.9915,0.9909,361,310,15,9
52,internal_validation,soft_min_fn,0.05863542854785919,soft_min_fn,internal_validation,0.8662,0.8607,0.8884,0.8996,0.8569,0.7991,1.0,0.9915,0.9909,370,232,93,0
52,internal_validation,majority,,majority,internal_validation,0.9698,0.9696,0.9719,0.9704,0.969,0.9629,0.9811,0.9915,0.9909,363,311,14,7
52,internal_validation,calibrated_logit_sum,0.5,calibrated_logit_sum,internal_validation,0.9626,0.9624,0.9651,0.963,0.9619,0.9574,0.973,0.9925,0.9925,360,309,16,10
52,test_internal,soft_0.5,0.5,soft_0.5,test_internal,0.9626,0.9624,0.9651,0.9628,0.9621,0.9599,0.9703,0.9892,0.9908,718,620,30,22
52,test_internal,soft_min_fn,0.05863542854785919,soft_min_fn,test_internal,0.8698,0.8651,0.8902,0.8975,0.8613,0.8075,0.9919,0.9892,0.9908,734,475,175,6
52,test_internal,majority,,majority,test_internal,0.964,0.9638,0.9664,0.9644,0.9634,0.96,0.973,0.9892,0.9908,720,620,30,20
52,test_internal,calibrated_logit_sum,0.5,calibrated_logit_sum,test_internal,0.9626,0.9624,0.9651,0.9628,0.9621,0.9599,0.9703,0.9902,0.9919,718,620,30,22
52,validation,soft_0.5,0.5,soft_0.5,validation,0.9649,0.8953,0.81,0.8451,0.97,0.6923,0.9759,0.9794,0.6396,81,964,36,2
52,validation,soft_min_fn,0.05863542854785919,soft_min_fn,validation,0.9206,0.8069,0.6587,0.7456,0.957,0.4911,1.0,0.9794,0.6396,83,914,86,0
52,validation,majority,,majority,validation,0.964,0.8931,0.806,0.8422,0.9695,0.6864,0.9759,0.9794,0.6396,81,963,37,2
52,validation,calibrated_logit_sum,0.5,calibrated_logit_sum,validation,0.9649,0.8953,0.81,0.8451,0.97,0.6923,0.9759,0.9812,0.673,81,964,36,2
62,internal_validation,soft_0.5,0.5,soft_0.5,internal_validation,0.9669,0.9668,0.9689,0.9667,0.9669,0.9702,0.9676,0.9903,0.9904,358,314,11,12
62,internal_validation,soft_min_fn,0.017878586426377296,soft_min_fn,internal_validation,0.8288,0.8187,0.8615,0.8783,0.8169,0.7566,1.0,0.9903,0.9904,370,206,119,0
62,internal_validation,majority,,majority,internal_validation,0.964,0.9639,0.9662,0.9638,0.964,0.9675,0.9649,0.9903,0.9904,357,313,12,13
62,internal_validation,calibrated_logit_sum,0.5,calibrated_logit_sum,internal_validation,0.9683,0.9682,0.9703,0.9682,0.9682,0.9703,0.9703,0.9907,0.9909,359,314,11,11
62,test_internal,soft_0.5,0.5,soft_0.5,test_internal,0.9568,0.9567,0.959,0.9563,0.9574,0.9696,0.9486,0.9878,0.9901,702,628,22,38
62,test_internal,soft_min_fn,0.017878586426377296,soft_min_fn,test_internal,0.8194,0.8087,0.854,0.8676,0.8075,0.7497,0.9919,0.9878,0.9901,734,405,245,6
62,test_internal,majority,,majority,test_internal,0.9561,0.956,0.9584,0.9556,0.9565,0.967,0.95,0.9878,0.9901,703,626,24,37
62,test_internal,calibrated_logit_sum,0.5,calibrated_logit_sum,test_internal,0.9568,0.9567,0.959,0.9563,0.9574,0.9696,0.9486,0.9885,0.9905,702,628,22,38
62,validation,soft_0.5,0.5,soft_0.5,validation,0.9649,0.8953,0.81,0.8451,0.97,0.6923,0.9759,0.9835,0.6798,81,964,36,2
62,validation,soft_min_fn,0.017878586426377296,soft_min_fn,validation,0.8938,0.7649,0.5907,0.7096,0.9425,0.4192,1.0,0.9835,0.6798,83,885,115,0
62,validation,majority,,majority,validation,0.9658,0.8976,0.8141,0.8481,0.9705,0.6983,0.9759,0.9835,0.6798,81,965,35,2
62,validation,calibrated_logit_sum,0.5,calibrated_logit_sum,validation,0.9649,0.8953,0.81,0.8451,0.97,0.6923,0.9759,0.9766,0.5929,81,964,36,2
