seed,threshold,FP,FN,precision_scam,recall_scam
42,0.0,325,0,0.5324,1.0
42,0.0021843642462044954,325,0,0.5324,1.0
42,0.0023043635301291943,324,0,0.5331,1.0
42,0.002350036520510912,323,0,0.5339,1.0
42,0.0024379559326916933,322,0,0.5347,1.0
42,0.0024407540913671255,321,0,0.5355,1.0
42,0.0024412861093878746,320,0,0.5362,1.0
42,0.0024751583114266396,319,0,0.537,1.0
42,0.0024982972536236048,318,0,0.5378,1.0
42,0.0025032765697687864,317,0,0.5386,1.0
42,0.0025328511837869883,316,0,0.5394,1.0
42,0.0025388412177562714,315,0,0.5401,1.0
42,0.002542022615671158,314,0,0.5409,1.0
42,0.0025466387160122395,313,0,0.5417,1.0
42,0.002556150546297431,312,0,0.5425,1.0
42,0.002557580592110753,311,0,0.5433,1.0
42,0.0025904097128659487,310,0,0.5441,1.0
42,0.002591110998764634,309,0,0.5449,1.0
42,0.0025986384134739637,308,0,0.5457,1.0
42,0.002600878942757845,307,0,0.5465,1.0
42,0.0026123670395463705,306,0,0.5473,1.0
42,0.0026161775458604097,305,0,0.5481,1.0
42,0.002634309930726886,304,0,0.549,1.0
42,0.0026483333203941584,303,0,0.5498,1.0
42,0.0026500802487134933,302,0,0.5506,1.0
42,0.002657592063769698,301,0,0.5514,1.0
42,0.0026646777987480164,300,0,0.5522,1.0
42,0.0026689462829381227,299,0,0.5531,1.0
42,0.00267113302834332,298,0,0.5539,1.0
42,0.0026741372421383858,297,0,0.5547,1.0
42,0.002677235985174775,296,0,0.5556,1.0
42,0.002679568948224187,295,0,0.5564,1.0
42,0.002679617842659354,294,0,0.5572,1.0
42,0.002684679115191102,293,0,0.5581,1.0
42,0.0027105628978461027,292,0,0.5589,1.0
42,0.0027109209913760424,291,0,0.5598,1.0
42,0.002721837954595685,290,0,0.5606,1.0
42,0.0027273353189229965,289,0,0.5615,1.0
42,0.002737452043220401,288,0,0.5623,1.0
42,0.0027491480577737093,287,0,0.5632,1.0
42,0.0027920082211494446,286,0,0.564,1.0
42,0.0027933495584875345,285,0,0.5649,1.0
42,0.0028128884732723236,284,0,0.5657,1.0
42,0.0028141869697719812,283,0,0.5666,1.0
42,0.0028217488434165716,282,0,0.5675,1.0
42,0.0028299454133957624,281,0,0.5684,1.0
42,0.0028470580000430346,280,0,0.5692,1.0
42,0.0028616136405617,279,0,0.5701,1.0
42,0.002866131952032447,278,0,0.571,1.0
42,0.0028687911108136177,277,0,0.5719,1.0
42,0.0028797034174203873,276,0,0.5728,1.0
42,0.00288270297460258,275,0,0.5736,1.0
42,0.0028847521170973778,274,0,0.5745,1.0
42,0.0029055860359221697,273,0,0.5754,1.0
42,0.0029055883642286062,272,0,0.5763,1.0
42,0.0029087786097079515,271,0,0.5772,1.0
42,0.0029088687151670456,270,0,0.5781,1.0
42,0.002919388236477971,269,0,0.579,1.0
42,0.0029295303393155336,268,0,0.5799,1.0
42,0.002940972102805972,267,0,0.5808,1.0
42,0.002954405965283513,266,0,0.5818,1.0
42,0.0029723746702075005,265,0,0.5827,1.0
42,0.002982037840411067,264,0,0.5836,1.0
42,0.0030142171308398247,263,0,0.5845,1.0
42,0.0030142252799123526,262,0,0.5854,1.0
42,0.003029021667316556,261,0,0.5864,1.0
42,0.003031943691894412,260,0,0.5873,1.0
42,0.0030333877075463533,259,0,0.5882,1.0
42,0.003039358416572213,258,0,0.5892,1.0
42,0.0030499929562211037,257,0,0.5901,1.0
42,0.003107180818915367,256,0,0.5911,1.0
42,0.0031295865774154663,255,0,0.592,1.0
42,0.003133394056931138,254,0,0.5929,1.0
42,0.003137146355584264,253,0,0.5939,1.0
42,0.003145030699670315,252,0,0.5949,1.0
42,0.0031558526679873466,251,0,0.5958,1.0
42,0.0031575148459523916,250,0,0.5968,1.0
42,0.003169216215610504,249,0,0.5977,1.0
42,0.0031725524459034204,248,0,0.5987,1.0
42,0.0031847842037677765,247,0,0.5997,1.0
42,0.0031898783054202795,246,0,0.6006,1.0
42,0.0032003887463361025,245,0,0.6016,1.0
42,0.0032039538491517305,244,0,0.6026,1.0
42,0.0032110123429447412,243,0,0.6036,1.0
42,0.0032164009753614664,242,0,0.6046,1.0
42,0.0032191609498113394,241,0,0.6056,1.0
42,0.003228140063583851,240,0,0.6066,1.0
42,0.0032348802778869867,239,0,0.6076,1.0
42,0.003242373699322343,238,0,0.6086,1.0
42,0.0032438384369015694,237,0,0.6096,1.0
42,0.0032724079210311174,236,0,0.6106,1.0
42,0.003272600704804063,235,0,0.6116,1.0
42,0.003293887944892049,234,0,0.6126,1.0
42,0.0032983338460326195,233,0,0.6136,1.0
42,0.0033284409437328577,232,0,0.6146,1.0
42,0.003334776498377323,231,0,0.6156,1.0
42,0.0033583722542971373,230,0,0.6167,1.0
42,0.0033631327096372843,229,0,0.6177,1.0
42,0.003434046171605587,228,0,0.6187,1.0
42,0.003451972035691142,227,0,0.6198,1.0
42,0.0034718222450464964,226,0,0.6208,1.0
42,0.003473924472928047,225,0,0.6218,1.0
42,0.003497147699818015,224,0,0.6229,1.0
42,0.003507190616801381,223,0,0.6239,1.0
42,0.0035142626147717237,222,0,0.625,1.0
42,0.0035277223214507103,221,0,0.6261,1.0
42,0.0036185274366289377,220,0,0.6271,1.0
42,0.003622519550845027,219,0,0.6282,1.0
42,0.0036242371425032616,218,0,0.6293,1.0
42,0.0036252718418836594,217,0,0.6303,1.0
42,0.00364530342631042,216,0,0.6314,1.0
42,0.0036528855562210083,215,0,0.6325,1.0
42,0.0037236062344163656,214,0,0.6336,1.0
42,0.0037366074975579977,213,0,0.6346,1.0
42,0.0037373779341578484,212,0,0.6357,1.0
42,0.0038290151860564947,211,0,0.6368,1.0
42,0.003861735574901104,210,0,0.6379,1.0
42,0.003896075999364257,209,0,0.639,1.0
42,0.0038986753206700087,208,0,0.6401,1.0
42,0.003909632563591003,207,0,0.6412,1.0
42,0.003944761585444212,206,0,0.6424,1.0
42,0.003967905417084694,205,0,0.6435,1.0
42,0.004097387660294771,204,0,0.6446,1.0
42,0.0041126227006316185,203,0,0.6457,1.0
42,0.004122180864214897,202,0,0.6469,1.0
42,0.004139991011470556,201,0,0.648,1.0
42,0.00420033186674118,200,0,0.6491,1.0
42,0.004256952088326216,199,0,0.6503,1.0
42,0.004266515374183655,198,0,0.6514,1.0
42,0.004272670950740576,197,0,0.6526,1.0
42,0.004292306024581194,196,0,0.6537,1.0
42,0.004354593809694052,195,0,0.6549,1.0
42,0.004373940173536539,194,0,0.656,1.0
42,0.004395826254040003,193,0,0.6572,1.0
42,0.004420978482812643,192,0,0.6584,1.0
42,0.004483343567699194,191,0,0.6595,1.0
42,0.004488806705921888,190,0,0.6607,1.0
42,0.004518716596066952,189,0,0.6619,1.0
42,0.004527311306446791,188,0,0.6631,1.0
42,0.0045486330054700375,187,0,0.6643,1.0
42,0.004550496581941843,186,0,0.6655,1.0
42,0.004563883412629366,185,0,0.6667,1.0
42,0.00457300478592515,184,0,0.6679,1.0
42,0.004593709018081427,183,0,0.6691,1.0
42,0.0046326834708452225,182,0,0.6703,1.0
42,0.00464484142139554,181,0,0.6715,1.0
42,0.004697342868894339,180,0,0.6727,1.0
42,0.0047679017297923565,179,0,0.674,1.0
42,0.004777958150953054,178,0,0.6752,1.0
42,0.004837738815695047,177,0,0.6764,1.0
42,0.004840019159018993,176,0,0.6777,1.0
42,0.004850894678384066,175,0,0.6789,1.0
42,0.004935343749821186,174,0,0.6801,1.0
42,0.0049354564398527145,173,0,0.6814,1.0
42,0.004940859507769346,172,0,0.6827,1.0
42,0.005215114448219538,171,0,0.6839,1.0
42,0.005290635395795107,170,0,0.6852,1.0
42,0.005308051127940416,169,0,0.6865,1.0
42,0.005308887455612421,168,0,0.6877,1.0
42,0.005365809425711632,167,0,0.689,1.0
42,0.005427246913313866,166,0,0.6903,1.0
42,0.005466757342219353,165,0,0.6916,1.0
42,0.005505493376404047,164,0,0.6929,1.0
42,0.005509760230779648,163,0,0.6942,1.0
42,0.0059942081570625305,162,0,0.6955,1.0
42,0.006021980196237564,161,0,0.6968,1.0
42,0.006111708004027605,160,0,0.6981,1.0
42,0.0063693467527627945,159,0,0.6994,1.0
42,0.006369841750711203,158,0,0.7008,1.0
42,0.0064285192638635635,157,0,0.7021,1.0
42,0.006586113478988409,156,0,0.7034,1.0
42,0.006630395073443651,155,0,0.7048,1.0
42,0.0067170304246246815,154,0,0.7061,1.0
42,0.006787415128201246,153,0,0.7075,1.0
42,0.006792975123971701,152,0,0.7088,1.0
42,0.00687656132504344,151,0,0.7102,1.0
42,0.006985906045883894,150,0,0.7115,1.0
42,0.007069997489452362,149,0,0.7129,1.0
42,0.007309358566999435,148,0,0.7143,1.0
42,0.0076237209141254425,147,0,0.7157,1.0
42,0.007728863041847944,146,0,0.7171,1.0
42,0.007752520963549614,145,0,0.7184,1.0
42,0.007825718261301517,144,0,0.7198,1.0
42,0.007967782206833363,143,0,0.7212,1.0
42,0.008112258277833462,142,0,0.7227,1.0
42,0.008128917776048183,141,0,0.7241,1.0
42,0.008158647455275059,140,0,0.7255,1.0
42,0.0082849794998765,139,0,0.7269,1.0
42,0.008389657363295555,138,0,0.7283,1.0
42,0.008588870987296104,137,0,0.7298,1.0
42,0.00859224796295166,136,0,0.7312,1.0
42,0.00881537888199091,135,0,0.7327,1.0
42,0.009223646484315395,134,0,0.7341,1.0
42,0.009395192377269268,133,0,0.7356,1.0
42,0.009591399691998959,132,0,0.7371,1.0
42,0.009681733325123787,131,0,0.7385,1.0
42,0.00989131536334753,130,0,0.74,1.0
42,0.009918078780174255,129,0,0.7415,1.0
42,0.00997084192931652,128,0,0.743,1.0
42,0.010116172954440117,127,0,0.7445,1.0
42,0.010326589457690716,126,0,0.746,1.0
42,0.011622339487075806,125,0,0.7475,1.0
42,0.011680836789309978,124,0,0.749,1.0
42,0.01218762993812561,123,0,0.7505,1.0
42,0.012879581190645695,122,0,0.752,1.0
42,0.014245781116187572,121,0,0.7536,1.0
42,0.014799456112086773,120,0,0.7551,1.0
42,0.01643248088657856,119,0,0.7566,1.0
42,0.016487104818224907,118,0,0.7582,1.0
42,0.016531838104128838,117,0,0.7598,1.0
42,0.016628384590148926,116,0,0.7613,1.0
42,0.01749791018664837,115,0,0.7629,1.0
42,0.017857342958450317,114,0,0.7645,1.0
42,0.017906557768583298,113,0,0.766,1.0
42,0.018281612545251846,112,0,0.7676,1.0
42,0.018379798159003258,111,0,0.7692,1.0
42,0.018792081624269485,110,0,0.7708,1.0
42,0.01917405053973198,109,0,0.7724,1.0
42,0.0192229226231575,108,0,0.7741,1.0
42,0.02003481797873974,107,0,0.7757,1.0
42,0.021505674347281456,106,0,0.7773,1.0
42,0.021950282156467438,105,0,0.7789,1.0
42,0.02255808375775814,104,0,0.7806,1.0
42,0.025001058354973793,103,0,0.7822,1.0
42,0.027073321864008904,102,0,0.7839,1.0
42,0.028101233765482903,101,0,0.7856,1.0
42,0.028674757108092308,100,0,0.7872,1.0
42,0.03316810727119446,99,0,0.7889,1.0
42,0.03353484347462654,98,0,0.7906,1.0
42,0.03497663512825966,97,0,0.7923,1.0
42,0.03860015049576759,96,0,0.794,1.0
42,0.03913717344403267,96,1,0.7935,0.9973
42,0.04051985964179039,95,1,0.7953,0.9973
42,0.04184336960315704,94,1,0.797,0.9973
42,0.043161842972040176,93,1,0.7987,0.9973
42,0.043702345341444016,92,1,0.8004,0.9973
42,0.04549068585038185,91,1,0.8022,0.9973
42,0.0488407127559185,90,1,0.8039,0.9973
42,0.05079205706715584,89,1,0.8057,0.9973
42,0.05287052318453789,88,1,0.8074,0.9973
42,0.05560764670372009,87,1,0.8092,0.9973
42,0.05840453505516052,86,1,0.811,0.9973
42,0.059517230838537216,85,1,0.8128,0.9973
42,0.059813156723976135,84,1,0.8146,0.9973
42,0.059955719858407974,83,1,0.8164,0.9973
42,0.061073292046785355,82,1,0.8182,0.9973
42,0.06215088441967964,81,1,0.82,0.9973
42,0.0642557367682457,80,1,0.8218,0.9973
42,0.06473956257104874,79,1,0.8237,0.9973
42,0.06690582633018494,78,1,0.8255,0.9973
42,0.06930140405893326,77,1,0.8274,0.9973
42,0.07007207721471786,76,1,0.8292,0.9973
42,0.0722554624080658,75,1,0.8311,0.9973
42,0.07329308241605759,74,1,0.833,0.9973
42,0.07474219799041748,73,1,0.8348,0.9973
42,0.07475259155035019,72,1,0.8367,0.9973
42,0.07499159127473831,71,1,0.8386,0.9973
42,0.07522275298833847,70,1,0.8405,0.9973
42,0.07902397960424423,69,1,0.8425,0.9973
42,0.08070257306098938,68,1,0.8444,0.9973
42,0.08393184095621109,67,1,0.8463,0.9973
42,0.08479923754930496,66,1,0.8483,0.9973
42,0.08805438131093979,65,1,0.8502,0.9973
42,0.09133826941251755,64,1,0.8522,0.9973
42,0.09321668744087219,63,1,0.8542,0.9973
42,0.09348522871732712,62,1,0.8561,0.9973
42,0.09675228595733643,61,1,0.8581,0.9973
42,0.09908116608858109,60,1,0.8601,0.9973
42,0.09968278557062149,59,1,0.8621,0.9973
42,0.09969305247068405,58,1,0.8642,0.9973
42,0.10038220137357712,57,1,0.8662,0.9973
42,0.10104414820671082,56,1,0.8682,0.9973
42,0.1017802357673645,55,1,0.8703,0.9973
42,0.10280785709619522,54,1,0.8723,0.9973
42,0.1032412126660347,53,1,0.8744,0.9973
42,0.10484685748815536,52,1,0.8765,0.9973
42,0.10507524013519287,51,1,0.8786,0.9973
42,0.11200333386659622,50,1,0.8807,0.9973
42,0.11972280591726303,49,1,0.8828,0.9973
42,0.134024515748024,48,1,0.8849,0.9973
42,0.13813914358615875,47,1,0.887,0.9973
42,0.14514119923114777,47,2,0.8867,0.9946
42,0.15068958699703217,46,2,0.8889,0.9946
42,0.15778261423110962,45,2,0.891,0.9946
42,0.17470522224903107,44,2,0.8932,0.9946
42,0.17515891790390015,43,2,0.8954,0.9946
42,0.17546574771404266,42,2,0.8976,0.9946
42,0.1857932060956955,41,2,0.8998,0.9946
42,0.19987452030181885,40,2,0.902,0.9946
42,0.20311309397220612,39,2,0.9042,0.9946
42,0.23019254207611084,38,2,0.9064,0.9946
42,0.24200057983398438,37,2,0.9086,0.9946
42,0.2432035654783249,36,2,0.9109,0.9946
42,0.2660417854785919,35,2,0.9132,0.9946
42,0.2822292149066925,34,2,0.9154,0.9946
42,0.30916109681129456,33,2,0.9177,0.9946
42,0.30924901366233826,32,2,0.92,0.9946
42,0.3179164230823517,31,2,0.9223,0.9946
42,0.3284761607646942,30,2,0.9246,0.9946
42,0.33171093463897705,29,2,0.927,0.9946
42,0.3366118371486664,28,2,0.9293,0.9946
42,0.3391411602497101,28,3,0.9291,0.9919
42,0.3405971825122833,27,3,0.9315,0.9919
42,0.3591645061969757,26,3,0.9338,0.9919
42,0.38998910784721375,25,3,0.9362,0.9919
42,0.3919345438480377,24,3,0.9386,0.9919
42,0.39955392479896545,23,3,0.941,0.9919
42,0.4168083667755127,22,3,0.9434,0.9919
42,0.425382524728775,21,3,0.9459,0.9919
42,0.4330473244190216,20,3,0.9483,0.9919
42,0.4479720890522003,19,3,0.9508,0.9919
42,0.45347535610198975,19,4,0.9506,0.9892
42,0.45790791511535645,18,4,0.9531,0.9892
42,0.45800575613975525,17,4,0.9556,0.9892
42,0.4611452519893646,17,5,0.9555,0.9865
42,0.47005346417427063,17,6,0.9554,0.9838
42,0.4719182252883911,16,6,0.9579,0.9838
42,0.4749252498149872,16,7,0.9578,0.9811
42,0.47504568099975586,16,8,0.9577,0.9784
42,0.4751987159252167,16,9,0.9576,0.9757
42,0.48543450236320496,15,9,0.9601,0.9757
42,0.4866321086883545,14,9,0.9627,0.9757
42,0.4890633523464203,14,10,0.9626,0.973
42,0.5037819147109985,13,10,0.9651,0.973
42,0.5254383087158203,12,10,0.9677,0.973
42,0.5302416682243347,12,11,0.9677,0.9703
42,0.5421181917190552,11,11,0.9703,0.9703
42,0.5609842538833618,10,11,0.9729,0.9703
42,0.5946056246757507,10,12,0.9728,0.9676
42,0.6175521016120911,9,12,0.9755,0.9676
42,0.620805025100708,9,13,0.9754,0.9649
42,0.6782193779945374,8,13,0.9781,0.9649
42,0.6843962073326111,8,14,0.978,0.9622
42,0.6974627375602722,8,15,0.978,0.9595
42,0.7016401290893555,8,16,0.9779,0.9568
42,0.7350417971611023,8,17,0.9778,0.9541
42,0.7443210482597351,7,17,0.9806,0.9541
42,0.7631985545158386,7,18,0.9805,0.9514
42,0.780202329158783,7,19,0.9804,0.9486
42,0.8049049973487854,7,20,0.9804,0.9459
42,0.8065080046653748,7,21,0.9803,0.9432
42,0.8074563145637512,7,22,0.9803,0.9405
42,0.811320960521698,7,23,0.9802,0.9378
42,0.8149318695068359,7,24,0.9802,0.9351
42,0.8169088959693909,7,25,0.9801,0.9324
42,0.8239717483520508,7,26,0.9801,0.9297
42,0.8249719142913818,7,27,0.98,0.927
42,0.8290098309516907,6,27,0.9828,0.927
42,0.8329264521598816,6,28,0.9828,0.9243
42,0.837939977645874,6,29,0.9827,0.9216
42,0.8386022448539734,5,29,0.9855,0.9216
42,0.8397364616394043,5,30,0.9855,0.9189
42,0.8422019481658936,5,31,0.9855,0.9162
42,0.8504053950309753,5,32,0.9854,0.9135
42,0.8516169190406799,5,33,0.9854,0.9108
42,0.8525825142860413,5,34,0.9853,0.9081
42,0.8542465567588806,5,35,0.9853,0.9054
42,0.8548531532287598,5,36,0.9853,0.9027
42,0.858849048614502,5,37,0.9852,0.9
42,0.8629500269889832,5,38,0.9852,0.8973
42,0.8650577068328857,5,39,0.9851,0.8946
42,0.8715512156486511,5,40,0.9851,0.8919
42,0.8797528147697449,5,41,0.985,0.8892
42,0.8826689124107361,5,42,0.985,0.8865
42,0.8834653496742249,5,43,0.9849,0.8838
42,0.8845906257629395,5,44,0.9849,0.8811
42,0.8848135471343994,4,44,0.9879,0.8811
42,0.8861039280891418,4,45,0.9878,0.8784
42,0.8938558101654053,4,46,0.9878,0.8757
42,0.8963391184806824,4,47,0.9878,0.873
42,0.8966054320335388,4,48,0.9877,0.8703
42,0.8968561291694641,4,49,0.9877,0.8676
42,0.9020524024963379,4,50,0.9877,0.8649
42,0.9022936224937439,4,51,0.9876,0.8622
42,0.90386563539505,4,52,0.9876,0.8595
42,0.9073684215545654,4,53,0.9875,0.8568
42,0.9085186123847961,4,54,0.9875,0.8541
42,0.9099176526069641,3,54,0.9906,0.8541
42,0.9100802540779114,3,55,0.9906,0.8514
42,0.910875141620636,3,56,0.9905,0.8486
42,0.9121375679969788,3,57,0.9905,0.8459
42,0.9160388112068176,3,58,0.9905,0.8432
42,0.9163446426391602,3,59,0.9904,0.8405
42,0.9165124893188477,3,60,0.9904,0.8378
42,0.9172337651252747,3,61,0.9904,0.8351
42,0.9198825359344482,3,62,0.9904,0.8324
42,0.9251406788825989,3,63,0.9903,0.8297
42,0.9265986084938049,2,63,0.9935,0.8297
42,0.9284923672676086,2,64,0.9935,0.827
42,0.9285814762115479,2,65,0.9935,0.8243
42,0.9296035766601562,2,66,0.9935,0.8216
42,0.9296917915344238,2,67,0.9934,0.8189
42,0.931182861328125,2,68,0.9934,0.8162
42,0.9320762157440186,2,69,0.9934,0.8135
42,0.9324739575386047,2,70,0.9934,0.8108
42,0.9338996410369873,2,71,0.9934,0.8081
42,0.9349636435508728,2,72,0.9933,0.8054
42,0.9368502497673035,2,73,0.9933,0.8027
42,0.938326358795166,2,74,0.9933,0.8
42,0.939193069934845,2,75,0.9933,0.7973
42,0.940747082233429,2,76,0.9932,0.7946
42,0.9408588409423828,2,77,0.9932,0.7919
42,0.9416938424110413,2,78,0.9932,0.7892
42,0.9419521689414978,2,79,0.9932,0.7865
42,0.9432066082954407,2,80,0.9932,0.7838
42,0.9436624050140381,2,81,0.9931,0.7811
42,0.9457664489746094,2,82,0.9931,0.7784
42,0.946099042892456,2,83,0.9931,0.7757
42,0.9473504424095154,2,84,0.9931,0.773
42,0.9483680725097656,2,85,0.993,0.7703
42,0.9486746191978455,2,86,0.993,0.7676
42,0.9531557559967041,2,87,0.993,0.7649
42,0.9531990885734558,2,88,0.993,0.7622
42,0.9552233815193176,2,89,0.9929,0.7595
42,0.9571775794029236,2,90,0.9929,0.7568
42,0.9579822421073914,2,91,0.9929,0.7541
42,0.9583185315132141,2,92,0.9929,0.7514
42,0.9586027264595032,2,93,0.9928,0.7486
42,0.9613038897514343,2,94,0.9928,0.7459
42,0.9625940322875977,2,95,0.9928,0.7432
42,0.9630441665649414,2,96,0.9928,0.7405
42,0.9632079601287842,2,97,0.9927,0.7378
42,0.9637889266014099,2,98,0.9927,0.7351
42,0.9648428559303284,2,99,0.9927,0.7324
42,0.9653359055519104,2,100,0.9926,0.7297
42,0.9656725525856018,2,101,0.9926,0.727
42,0.9658017754554749,2,102,0.9926,0.7243
42,0.9658021926879883,2,103,0.9926,0.7216
42,0.9662896990776062,2,104,0.9925,0.7189
42,0.9665393829345703,2,105,0.9925,0.7162
42,0.9671187400817871,2,106,0.9925,0.7135
42,0.9673287868499756,2,107,0.9925,0.7108
42,0.9699671864509583,2,108,0.9924,0.7081
42,0.9707314372062683,2,109,0.9924,0.7054
42,0.9713618755340576,2,110,0.9924,0.7027
42,0.9728177189826965,2,111,0.9923,0.7
42,0.9729252457618713,2,112,0.9923,0.6973
42,0.9736668467521667,2,113,0.9923,0.6946
42,0.9744120240211487,2,114,0.9922,0.6919
42,0.9756619930267334,2,115,0.9922,0.6892
42,0.9767515063285828,2,116,0.9922,0.6865
42,0.9772745966911316,2,117,0.9922,0.6838
42,0.9781710505485535,2,118,0.9921,0.6811
42,0.9783267974853516,2,119,0.9921,0.6784
42,0.9783291220664978,2,120,0.9921,0.6757
42,0.9785862565040588,2,121,0.992,0.673
42,0.9786792397499084,1,121,0.996,0.673
42,0.9788155555725098,1,122,0.996,0.6703
42,0.9788705706596375,1,123,0.996,0.6676
42,0.9809841513633728,1,124,0.996,0.6649
42,0.9814919829368591,1,125,0.9959,0.6622
42,0.9815428256988525,1,126,0.9959,0.6595
42,0.9821567535400391,1,127,0.9959,0.6568
42,0.9822354316711426,1,128,0.9959,0.6541
42,0.9823886752128601,1,129,0.9959,0.6514
42,0.9825119972229004,1,130,0.9959,0.6486
42,0.9827012419700623,1,131,0.9958,0.6459
42,0.9827253222465515,1,132,0.9958,0.6432
42,0.9827945232391357,1,133,0.9958,0.6405
42,0.9831568598747253,1,134,0.9958,0.6378
42,0.9832722544670105,1,135,0.9958,0.6351
42,0.9834896922111511,1,136,0.9957,0.6324
42,0.9842538237571716,1,137,0.9957,0.6297
42,0.9844077229499817,1,138,0.9957,0.627
42,0.9845754504203796,1,139,0.9957,0.6243
42,0.984626829624176,1,140,0.9957,0.6216
42,0.9848433136940002,1,141,0.9957,0.6189
42,0.984858512878418,1,142,0.9956,0.6162
42,0.9849292635917664,1,143,0.9956,0.6135
42,0.9849889278411865,1,144,0.9956,0.6108
42,0.9850978851318359,1,145,0.9956,0.6081
42,0.9851016998291016,1,146,0.9956,0.6054
42,0.985157310962677,1,147,0.9955,0.6027
42,0.985339879989624,1,148,0.9955,0.6
42,0.9854012131690979,1,149,0.9955,0.5973
42,0.9857304692268372,1,150,0.9955,0.5946
42,0.9857699871063232,1,151,0.9955,0.5919
42,0.9858840107917786,1,152,0.9954,0.5892
42,0.986207902431488,1,153,0.9954,0.5865
42,0.9862924218177795,1,154,0.9954,0.5838
42,0.9864237308502197,1,155,0.9954,0.5811
42,0.9864549040794373,1,156,0.9953,0.5784
42,0.9865445494651794,1,157,0.9953,0.5757
42,0.9867200255393982,1,158,0.9953,0.573
42,0.9868622422218323,1,159,0.9953,0.5703
42,0.987030029296875,0,159,1.0,0.5703
42,0.9870406985282898,0,160,1.0,0.5676
42,0.98707515001297,0,161,1.0,0.5649
42,0.9871098399162292,0,162,1.0,0.5622
42,0.9872742295265198,0,163,1.0,0.5595
42,0.9873241782188416,0,164,1.0,0.5568
42,0.9873889088630676,0,165,1.0,0.5541
42,0.9874396324157715,0,166,1.0,0.5514
42,0.9874944090843201,0,167,1.0,0.5486
42,0.9876287579536438,0,168,1.0,0.5459
42,0.9876289367675781,0,169,1.0,0.5432
42,0.9876347184181213,0,170,1.0,0.5405
42,0.9876795411109924,0,171,1.0,0.5378
42,0.9877767562866211,0,172,1.0,0.5351
42,0.9877996444702148,0,173,1.0,0.5324
42,0.9879357218742371,0,174,1.0,0.5297
42,0.9879744648933411,0,175,1.0,0.527
42,0.9881124496459961,0,176,1.0,0.5243
42,0.9881494045257568,0,177,1.0,0.5216
42,0.988274335861206,0,178,1.0,0.5189
42,0.9883717894554138,0,179,1.0,0.5162
42,0.988392174243927,0,180,1.0,0.5135
42,0.988416850566864,0,181,1.0,0.5108
42,0.9884360432624817,0,182,1.0,0.5081
42,0.9884491562843323,0,183,1.0,0.5054
42,0.9884638786315918,0,184,1.0,0.5027
42,0.9884753227233887,0,185,1.0,0.5
42,0.9884812235832214,0,186,1.0,0.4973
42,0.9885332584381104,0,187,1.0,0.4946
42,0.9885749816894531,0,188,1.0,0.4919
42,0.9886667728424072,0,189,1.0,0.4892
42,0.9887226223945618,0,190,1.0,0.4865
42,0.9887648224830627,0,191,1.0,0.4838
42,0.9888378977775574,0,192,1.0,0.4811
42,0.988880455493927,0,193,1.0,0.4784
42,0.9889810085296631,0,194,1.0,0.4757
42,0.9891069531440735,0,195,1.0,0.473
42,0.9891125559806824,0,196,1.0,0.4703
42,0.9891486763954163,0,197,1.0,0.4676
42,0.9892435669898987,0,198,1.0,0.4649
42,0.9892845749855042,0,199,1.0,0.4622
42,0.9892867207527161,0,200,1.0,0.4595
42,0.9895097613334656,0,201,1.0,0.4568
42,0.9895479083061218,0,202,1.0,0.4541
42,0.9896292090415955,0,203,1.0,0.4514
42,0.9896298050880432,0,204,1.0,0.4486
42,0.9896672368049622,0,205,1.0,0.4459
42,0.9897542595863342,0,206,1.0,0.4432
42,0.989762544631958,0,207,1.0,0.4405
42,0.9899033904075623,0,208,1.0,0.4378
42,0.9901196360588074,0,209,1.0,0.4351
42,0.9902711510658264,0,210,1.0,0.4324
42,0.9902889132499695,0,211,1.0,0.4297
42,0.9903815388679504,0,212,1.0,0.427
42,0.9904024004936218,0,213,1.0,0.4243
42,0.9905000329017639,0,214,1.0,0.4216
42,0.9906001091003418,0,215,1.0,0.4189
42,0.9906167387962341,0,216,1.0,0.4162
42,0.9906348586082458,0,217,1.0,0.4135
42,0.9906706809997559,0,218,1.0,0.4108
42,0.9909657835960388,0,219,1.0,0.4081
42,0.9910383224487305,0,220,1.0,0.4054
42,0.991054356098175,0,221,1.0,0.4027
42,0.9911067485809326,0,222,1.0,0.4
42,0.9912540316581726,0,223,1.0,0.3973
42,0.9913203716278076,0,224,1.0,0.3946
42,0.9913286566734314,0,225,1.0,0.3919
42,0.9913713932037354,0,226,1.0,0.3892
42,0.9914093017578125,0,227,1.0,0.3865
42,0.9914793968200684,0,228,1.0,0.3838
42,0.9915098547935486,0,229,1.0,0.3811
42,0.991584837436676,0,230,1.0,0.3784
42,0.991603434085846,0,231,1.0,0.3757
42,0.9916462302207947,0,232,1.0,0.373
42,0.9916506409645081,0,233,1.0,0.3703
42,0.9917358756065369,0,234,1.0,0.3676
42,0.9917860627174377,0,235,1.0,0.3649
42,0.9918109774589539,0,236,1.0,0.3622
42,0.9918739795684814,0,237,1.0,0.3595
42,0.9919164180755615,0,238,1.0,0.3568
42,0.9919361472129822,0,239,1.0,0.3541
42,0.9919517636299133,0,240,1.0,0.3514
42,0.9919939041137695,0,241,1.0,0.3486
42,0.9920763969421387,0,242,1.0,0.3459
42,0.9921600818634033,0,243,1.0,0.3432
42,0.9922420382499695,0,244,1.0,0.3405
42,0.9922662377357483,0,245,1.0,0.3378
42,0.9922707080841064,0,246,1.0,0.3351
42,0.9922717213630676,0,247,1.0,0.3324
42,0.9922723770141602,0,248,1.0,0.3297
42,0.9923107028007507,0,249,1.0,0.327
42,0.992332398891449,0,250,1.0,0.3243
42,0.9923695921897888,0,251,1.0,0.3216
42,0.9924523830413818,0,252,1.0,0.3189
42,0.9925294518470764,0,253,1.0,0.3162
42,0.9925356507301331,0,254,1.0,0.3135
42,0.9925796389579773,0,255,1.0,0.3108
42,0.9926250576972961,0,256,1.0,0.3081
42,0.9926620125770569,0,257,1.0,0.3054
42,0.9926629066467285,0,258,1.0,0.3027
42,0.9927520155906677,0,259,1.0,0.3
42,0.992794930934906,0,260,1.0,0.2973
42,0.992828369140625,0,261,1.0,0.2946
42,0.9928705096244812,0,262,1.0,0.2919
42,0.9929577708244324,0,263,1.0,0.2892
42,0.9930065274238586,0,264,1.0,0.2865
42,0.993091881275177,0,265,1.0,0.2838
42,0.9930999875068665,0,266,1.0,0.2811
42,0.9931475520133972,0,267,1.0,0.2784
42,0.9931640625,0,268,1.0,0.2757
42,0.9931845664978027,0,269,1.0,0.273
42,0.9932301640510559,0,270,1.0,0.2703
42,0.9932892322540283,0,271,1.0,0.2676
42,0.9933273792266846,0,272,1.0,0.2649
42,0.9933478236198425,0,273,1.0,0.2622
42,0.9933698773384094,0,274,1.0,0.2595
42,0.9934991002082825,0,275,1.0,0.2568
42,0.99350905418396,0,276,1.0,0.2541
42,0.9935288429260254,0,277,1.0,0.2514
42,0.9935885071754456,0,278,1.0,0.2486
42,0.9935895800590515,0,279,1.0,0.2459
42,0.993617832660675,0,280,1.0,0.2432
42,0.9936863780021667,0,281,1.0,0.2405
42,0.9936918616294861,0,282,1.0,0.2378
42,0.9937102794647217,0,283,1.0,0.2351
42,0.9937565922737122,0,284,1.0,0.2324
42,0.993762731552124,0,285,1.0,0.2297
42,0.9937828183174133,0,286,1.0,0.227
42,0.9938024878501892,0,287,1.0,0.2243
42,0.9938180446624756,0,288,1.0,0.2216
42,0.9938755631446838,0,289,1.0,0.2189
42,0.9938787817955017,0,290,1.0,0.2162
42,0.9938810467720032,0,291,1.0,0.2135
42,0.9938903450965881,0,292,1.0,0.2108
42,0.9939067363739014,0,293,1.0,0.2081
42,0.9939313530921936,0,294,1.0,0.2054
42,0.9939477443695068,0,295,1.0,0.2027
42,0.993951141834259,0,296,1.0,0.2
42,0.9939512610435486,0,297,1.0,0.1973
42,0.9940323233604431,0,298,1.0,0.1946
42,0.994040310382843,0,299,1.0,0.1919
42,0.9940543174743652,0,300,1.0,0.1892
42,0.9940946698188782,0,301,1.0,0.1865
42,0.9941005706787109,0,302,1.0,0.1838
42,0.9941006302833557,0,303,1.0,0.1811
42,0.994123637676239,0,304,1.0,0.1784
42,0.9941725730895996,0,305,1.0,0.1757
42,0.9941872954368591,0,306,1.0,0.173
42,0.9942736029624939,0,307,1.0,0.1703
42,0.9943150877952576,0,308,1.0,0.1676
42,0.9943349957466125,0,309,1.0,0.1649
42,0.9944591522216797,0,310,1.0,0.1622
42,0.9945146441459656,0,311,1.0,0.1595
42,0.9945510029792786,0,312,1.0,0.1568
42,0.9945602416992188,0,313,1.0,0.1541
42,0.9945781826972961,0,314,1.0,0.1514
42,0.9945791363716125,0,315,1.0,0.1486
42,0.9946050643920898,0,316,1.0,0.1459
42,0.994605541229248,0,317,1.0,0.1432
42,0.9946103692054749,0,318,1.0,0.1405
42,0.9946690201759338,0,319,1.0,0.1378
42,0.9946835041046143,0,320,1.0,0.1351
42,0.9946843981742859,0,321,1.0,0.1324
42,0.9947028160095215,0,322,1.0,0.1297
42,0.9947164058685303,0,323,1.0,0.127
42,0.9947277903556824,0,324,1.0,0.1243
42,0.9947364926338196,0,325,1.0,0.1216
42,0.9948153495788574,0,326,1.0,0.1189
42,0.9948749542236328,0,327,1.0,0.1162
42,0.9949223399162292,0,328,1.0,0.1135
42,0.9950184226036072,0,329,1.0,0.1108
42,0.995023250579834,0,330,1.0,0.1081
42,0.9950233101844788,0,331,1.0,0.1054
42,0.9950235486030579,0,332,1.0,0.1027
42,0.9950995445251465,0,333,1.0,0.1
42,0.9951257705688477,0,334,1.0,0.0973
42,0.9951400756835938,0,335,1.0,0.0946
42,0.9951817393302917,0,336,1.0,0.0919
42,0.995185136795044,0,337,1.0,0.0892
42,0.9952127933502197,0,338,1.0,0.0865
42,0.9952523708343506,0,339,1.0,0.0838
42,0.9952750205993652,0,340,1.0,0.0811
42,0.9952762126922607,0,341,1.0,0.0784
42,0.9952792525291443,0,342,1.0,0.0757
42,0.995291531085968,0,343,1.0,0.073
42,0.995312511920929,0,344,1.0,0.0703
42,0.9954091906547546,0,345,1.0,0.0676
42,0.995432436466217,0,346,1.0,0.0649
42,0.9954668879508972,0,347,1.0,0.0622
42,0.9954757690429688,0,348,1.0,0.0595
42,0.9955759048461914,0,349,1.0,0.0568
42,0.9956450462341309,0,350,1.0,0.0541
42,0.9956613183021545,0,351,1.0,0.0514
42,0.9957542419433594,0,352,1.0,0.0486
42,0.9957590699195862,0,353,1.0,0.0459
42,0.9957740902900696,0,354,1.0,0.0432
42,0.9957936406135559,0,355,1.0,0.0405
42,0.9958096146583557,0,356,1.0,0.0378
42,0.9958429932594299,0,357,1.0,0.0351
42,0.9958440661430359,0,358,1.0,0.0324
42,0.9958624839782715,0,359,1.0,0.0297
42,0.9959275126457214,0,360,1.0,0.027
42,0.9960067272186279,0,361,1.0,0.0243
42,0.9960610866546631,0,362,1.0,0.0216
42,0.9960870742797852,0,363,1.0,0.0189
42,0.9962069988250732,0,364,1.0,0.0162
42,0.996224582195282,0,365,1.0,0.0135
42,0.9965353012084961,0,366,1.0,0.0108
42,0.9966166019439697,0,367,1.0,0.0081
42,0.9966607093811035,0,368,1.0,0.0054
42,0.9967184662818909,0,369,1.0,0.0027
42,1.0,0,370,0.0,0.0
52,0.0,325,0,0.5324,1.0
52,0.003327522426843643,325,0,0.5324,1.0
52,0.0034231783356517553,324,0,0.5331,1.0
52,0.0035709564108401537,323,0,0.5339,1.0
52,0.0036302555818110704,322,0,0.5347,1.0
52,0.0036452608183026314,321,0,0.5355,1.0
52,0.0037548088002949953,320,0,0.5362,1.0
52,0.003772960277274251,319,0,0.537,1.0
52,0.003799092723056674,318,0,0.5378,1.0
52,0.003806261345744133,317,0,0.5386,1.0
52,0.003814911702647805,316,0,0.5394,1.0
52,0.0038484244141727686,315,0,0.5401,1.0
52,0.0038725093472748995,314,0,0.5409,1.0
52,0.0038860838394612074,313,0,0.5417,1.0
52,0.003888462670147419,312,0,0.5425,1.0
52,0.003925358410924673,311,0,0.5433,1.0
52,0.0039367410354316235,310,0,0.5441,1.0
52,0.003953055944293737,309,0,0.5449,1.0
52,0.003978573717176914,308,0,0.5457,1.0
52,0.004001545254141092,307,0,0.5465,1.0
52,0.004002135246992111,306,0,0.5473,1.0
52,0.004002856556326151,305,0,0.5481,1.0
52,0.004006325267255306,304,0,0.549,1.0
52,0.004017613362520933,303,0,0.5498,1.0
52,0.004020255524665117,302,0,0.5506,1.0
52,0.004032589495182037,301,0,0.5514,1.0
52,0.004038320854306221,300,0,0.5522,1.0
52,0.004045083653181791,299,0,0.5531,1.0
52,0.004047577269375324,298,0,0.5539,1.0
52,0.004047578666359186,297,0,0.5547,1.0
52,0.004055068362504244,296,0,0.5556,1.0
52,0.004075753036886454,295,0,0.5564,1.0
52,0.004124722443521023,294,0,0.5572,1.0
52,0.004154672380536795,293,0,0.5581,1.0
52,0.004179769195616245,292,0,0.5589,1.0
52,0.004194930195808411,291,0,0.5598,1.0
52,0.004201205912977457,290,0,0.5606,1.0
52,0.004202377051115036,289,0,0.5615,1.0
52,0.0042048790492117405,288,0,0.5623,1.0
52,0.004225402604788542,287,0,0.5632,1.0
52,0.004243137780576944,286,0,0.564,1.0
52,0.0042809732258319855,285,0,0.5649,1.0
52,0.004290041979402304,284,0,0.5657,1.0
52,0.004298029933124781,283,0,0.5666,1.0
52,0.004305275157094002,282,0,0.5675,1.0
52,0.004310885909944773,281,0,0.5684,1.0
52,0.004364946391433477,280,0,0.5692,1.0
52,0.004373589064925909,279,0,0.5701,1.0
52,0.004386400803923607,278,0,0.571,1.0
52,0.004389122128486633,277,0,0.5719,1.0
52,0.004394121468067169,276,0,0.5728,1.0
52,0.004435717593878508,275,0,0.5736,1.0
52,0.004445225466042757,274,0,0.5745,1.0
52,0.004472719505429268,273,0,0.5754,1.0
52,0.004482082091271877,272,0,0.5763,1.0
52,0.004490653984248638,271,0,0.5772,1.0
52,0.004517887718975544,270,0,0.5781,1.0
52,0.0045178900472819805,269,0,0.579,1.0
52,0.004541462752968073,268,0,0.5799,1.0
52,0.004544407594949007,267,0,0.5808,1.0
52,0.004554417449980974,266,0,0.5818,1.0
52,0.004561414942145348,265,0,0.5827,1.0
52,0.004578108433634043,264,0,0.5836,1.0
52,0.004586432594805956,263,0,0.5845,1.0
52,0.004587698262184858,262,0,0.5854,1.0
52,0.004647388122975826,261,0,0.5864,1.0
52,0.00469230255112052,260,0,0.5873,1.0
52,0.004706824664026499,259,0,0.5882,1.0
52,0.0047122458927333355,258,0,0.5892,1.0
52,0.004789678379893303,257,0,0.5901,1.0
52,0.004801811184734106,256,0,0.5911,1.0
52,0.004802172537893057,255,0,0.592,1.0
52,0.0048092738725245,254,0,0.5929,1.0
52,0.004816030617803335,253,0,0.5939,1.0
52,0.004830588586628437,252,0,0.5949,1.0
52,0.004868019837886095,251,0,0.5958,1.0
52,0.004871170502156019,250,0,0.5968,1.0
52,0.004905604757368565,249,0,0.5977,1.0
52,0.004908841568976641,248,0,0.5987,1.0
52,0.004910035524517298,247,0,0.5997,1.0
52,0.004974980838596821,246,0,0.6006,1.0
52,0.005005739163607359,245,0,0.6016,1.0
52,0.005041355267167091,244,0,0.6026,1.0
52,0.005117584485560656,243,0,0.6036,1.0
52,0.005124280694872141,242,0,0.6046,1.0
52,0.005143872462213039,241,0,0.6056,1.0
52,0.005150938872247934,240,0,0.6066,1.0
52,0.005241981241852045,239,0,0.6076,1.0
52,0.005319889169186354,238,0,0.6086,1.0
52,0.005327489692717791,237,0,0.6096,1.0
52,0.005400381982326508,236,0,0.6106,1.0
52,0.005451630800962448,235,0,0.6116,1.0
52,0.005489427130669355,234,0,0.6126,1.0
52,0.005519961938261986,233,0,0.6136,1.0
52,0.005538627505302429,232,0,0.6146,1.0
52,0.005581568460911512,231,0,0.6156,1.0
52,0.005585836712270975,230,0,0.6167,1.0
52,0.00559537997469306,229,0,0.6177,1.0
52,0.005654314532876015,228,0,0.6187,1.0
52,0.0057156942784786224,227,0,0.6198,1.0
52,0.005717660766094923,226,0,0.6208,1.0
52,0.005781975109130144,225,0,0.6218,1.0
52,0.005784627050161362,224,0,0.6229,1.0
52,0.005786664318293333,223,0,0.6239,1.0
52,0.005811360199004412,222,0,0.625,1.0
52,0.00586672080680728,221,0,0.6261,1.0
52,0.0059473286382853985,220,0,0.6271,1.0
52,0.00599069194868207,219,0,0.6282,1.0
52,0.0060026985593140125,218,0,0.6293,1.0
52,0.006004614755511284,217,0,0.6303,1.0
52,0.006013776641339064,216,0,0.6314,1.0
52,0.006043771747499704,215,0,0.6325,1.0
52,0.006060755345970392,214,0,0.6336,1.0
52,0.006107041146606207,213,0,0.6346,1.0
52,0.006124019622802734,212,0,0.6357,1.0
52,0.006153694819658995,211,0,0.6368,1.0
52,0.006199329625815153,210,0,0.6379,1.0
52,0.00620883097872138,209,0,0.639,1.0
52,0.006215127184987068,208,0,0.6401,1.0
52,0.0062858969904482365,207,0,0.6412,1.0
52,0.006313266232609749,206,0,0.6424,1.0
52,0.006389868911355734,205,0,0.6435,1.0
52,0.006451946217566729,204,0,0.6446,1.0
52,0.006455572787672281,203,0,0.6457,1.0
52,0.006463143974542618,202,0,0.6469,1.0
52,0.006476705428212881,201,0,0.648,1.0
52,0.006517600733786821,200,0,0.6491,1.0
52,0.006588973570615053,199,0,0.6503,1.0
52,0.006649883929640055,198,0,0.6514,1.0
52,0.006682494655251503,197,0,0.6526,1.0
52,0.006690481677651405,196,0,0.6537,1.0
52,0.006846677046269178,195,0,0.6549,1.0
52,0.006990217138081789,194,0,0.656,1.0
52,0.007000710349529982,193,0,0.6572,1.0
52,0.007035049144178629,192,0,0.6584,1.0
52,0.0071108355186879635,191,0,0.6595,1.0
52,0.007111386861652136,190,0,0.6607,1.0
52,0.007151925470679998,189,0,0.6619,1.0
52,0.007218430284410715,188,0,0.6631,1.0
52,0.007266534958034754,187,0,0.6643,1.0
52,0.007292777765542269,186,0,0.6655,1.0
52,0.00734628876671195,185,0,0.6667,1.0
52,0.007425352465361357,184,0,0.6679,1.0
52,0.007438719272613525,183,0,0.6691,1.0
52,0.0075592459179461,182,0,0.6703,1.0
52,0.007577307056635618,181,0,0.6715,1.0
52,0.0075883748941123486,180,0,0.6727,1.0
52,0.0076179360039532185,179,0,0.674,1.0
52,0.0077923499047756195,178,0,0.6752,1.0
52,0.007955954410135746,177,0,0.6764,1.0
52,0.007987826131284237,176,0,0.6777,1.0
52,0.007997710257768631,175,0,0.6789,1.0
52,0.00805409625172615,174,0,0.6801,1.0
52,0.008086027577519417,173,0,0.6814,1.0
52,0.008166755549609661,172,0,0.6827,1.0
52,0.008226651698350906,171,0,0.6839,1.0
52,0.008293651044368744,170,0,0.6852,1.0
52,0.0083689633756876,169,0,0.6865,1.0
52,0.008374675177037716,168,0,0.6877,1.0
52,0.008503944613039494,167,0,0.689,1.0
52,0.008572257123887539,166,0,0.6903,1.0
52,0.008580389432609081,165,0,0.6916,1.0
52,0.008593101985752583,164,0,0.6929,1.0
52,0.008605998940765858,163,0,0.6942,1.0
52,0.008728080429136753,162,0,0.6955,1.0
52,0.008883296512067318,161,0,0.6968,1.0
52,0.008996940217912197,160,0,0.6981,1.0
52,0.009324482642114162,159,0,0.6994,1.0
52,0.009348178282380104,158,0,0.7008,1.0
52,0.009535483084619045,157,0,0.7021,1.0
52,0.009577804245054722,156,0,0.7034,1.0
52,0.009706043638288975,155,0,0.7048,1.0
52,0.009709135629236698,154,0,0.7061,1.0
52,0.009769066236913204,153,0,0.7075,1.0
52,0.010154490359127522,152,0,0.7088,1.0
52,0.010250457562506199,151,0,0.7102,1.0
52,0.01036022324115038,150,0,0.7115,1.0
52,0.010452206246554852,149,0,0.7129,1.0
52,0.010500580072402954,148,0,0.7143,1.0
52,0.010526868514716625,147,0,0.7157,1.0
52,0.011009279638528824,146,0,0.7171,1.0
52,0.011201570741832256,145,0,0.7184,1.0
52,0.011287528090178967,144,0,0.7198,1.0
52,0.011329349130392075,143,0,0.7212,1.0
52,0.011483870446681976,142,0,0.7227,1.0
52,0.011596343480050564,141,0,0.7241,1.0
52,0.011720730923116207,140,0,0.7255,1.0
52,0.01213487982749939,139,0,0.7269,1.0
52,0.012247014790773392,138,0,0.7283,1.0
52,0.012427430599927902,137,0,0.7298,1.0
52,0.01244886964559555,136,0,0.7312,1.0
52,0.012725398875772953,135,0,0.7327,1.0
52,0.01320179644972086,134,0,0.7341,1.0
52,0.013599769212305546,133,0,0.7356,1.0
52,0.013764885254204273,132,0,0.7371,1.0
52,0.014051138423383236,131,0,0.7385,1.0
52,0.01426254864782095,130,0,0.74,1.0
52,0.01438202802091837,129,0,0.7415,1.0
52,0.014596899040043354,128,0,0.743,1.0
52,0.015638461336493492,127,0,0.7445,1.0
52,0.016121841967105865,126,0,0.746,1.0
52,0.01614139787852764,125,0,0.7475,1.0
52,0.016622547060251236,124,0,0.749,1.0
52,0.016730045899748802,123,0,0.7505,1.0
52,0.016991907730698586,122,0,0.752,1.0
52,0.01713082194328308,121,0,0.7536,1.0
52,0.01716344989836216,120,0,0.7551,1.0
52,0.017588378861546516,119,0,0.7566,1.0
52,0.020186545327305794,118,0,0.7582,1.0
52,0.022145124152302742,117,0,0.7598,1.0
52,0.022254906594753265,116,0,0.7613,1.0
52,0.0223710834980011,115,0,0.7629,1.0
52,0.022697238251566887,114,0,0.7645,1.0
52,0.02655223198235035,113,0,0.766,1.0
52,0.02974415384232998,112,0,0.7676,1.0
52,0.03131329268217087,111,0,0.7692,1.0
52,0.03159197419881821,110,0,0.7708,1.0
52,0.03188750892877579,109,0,0.7724,1.0
52,0.03271405026316643,108,0,0.7741,1.0
52,0.03526699170470238,107,0,0.7757,1.0
52,0.03907845914363861,106,0,0.7773,1.0
52,0.0393083430826664,105,0,0.7789,1.0
52,0.04106324166059494,104,0,0.7806,1.0
52,0.043531715869903564,103,0,0.7822,1.0
52,0.04369376599788666,102,0,0.7839,1.0
52,0.04878595098853111,101,0,0.7856,1.0
52,0.04944385960698128,100,0,0.7872,1.0
52,0.04970710352063179,99,0,0.7889,1.0
52,0.05022543668746948,98,0,0.7906,1.0
52,0.051844459027051926,97,0,0.7923,1.0
52,0.05315413698554039,96,0,0.794,1.0
52,0.05403939262032509,95,0,0.7957,1.0
52,0.05457727611064911,94,0,0.7974,1.0
52,0.05863542854785919,93,0,0.7991,1.0
52,0.05921773239970207,93,1,0.7987,0.9973
52,0.06198530271649361,92,1,0.8004,0.9973
52,0.06280882656574249,91,1,0.8022,0.9973
52,0.06336873769760132,90,1,0.8039,0.9973
52,0.06426052004098892,89,1,0.8057,0.9973
52,0.06606151908636093,88,1,0.8074,0.9973
52,0.06960121542215347,87,1,0.8092,0.9973
52,0.06997520476579666,86,1,0.811,0.9973
52,0.07310300320386887,85,1,0.8128,0.9973
52,0.07398064434528351,84,1,0.8146,0.9973
52,0.07435321062803268,83,1,0.8164,0.9973
52,0.07493748515844345,82,1,0.8182,0.9973
52,0.07583796977996826,81,1,0.82,0.9973
52,0.07687292248010635,80,1,0.8218,0.9973
52,0.0769944116473198,79,1,0.8237,0.9973
52,0.07845187187194824,78,1,0.8255,0.9973
52,0.08038602024316788,77,1,0.8274,0.9973
52,0.0817163959145546,76,1,0.8292,0.9973
52,0.08477441221475601,75,1,0.8311,0.9973
52,0.08644338697195053,74,1,0.833,0.9973
52,0.08691249042749405,73,1,0.8348,0.9973
52,0.08729388564825058,72,1,0.8367,0.9973
52,0.08806345611810684,71,1,0.8386,0.9973
52,0.08879934996366501,70,1,0.8405,0.9973
52,0.0899067148566246,69,1,0.8425,0.9973
52,0.09031926840543747,68,1,0.8444,0.9973
52,0.09488294273614883,67,1,0.8463,0.9973
52,0.09842383861541748,66,1,0.8483,0.9973
52,0.1025528609752655,65,1,0.8502,0.9973
52,0.10307324677705765,64,1,0.8522,0.9973
52,0.10320685058832169,63,1,0.8542,0.9973
52,0.10693663358688354,62,1,0.8561,0.9973
52,0.10932769626379013,61,1,0.8581,0.9973
52,0.1124994233250618,60,1,0.8601,0.9973
52,0.11625202745199203,59,1,0.8621,0.9973
52,0.12277819961309433,58,1,0.8642,0.9973
52,0.1261281818151474,57,1,0.8662,0.9973
52,0.13092951476573944,56,1,0.8682,0.9973
52,0.13214291632175446,55,1,0.8703,0.9973
52,0.13266095519065857,54,1,0.8723,0.9973
52,0.13286657631397247,53,1,0.8744,0.9973
52,0.13492122292518616,52,1,0.8765,0.9973
52,0.1386428326368332,51,1,0.8786,0.9973
52,0.13918454945087433,50,1,0.8807,0.9973
52,0.14651288092136383,49,1,0.8828,0.9973
52,0.15602467954158783,48,1,0.8849,0.9973
52,0.16221462190151215,47,1,0.887,0.9973
52,0.16246800124645233,46,1,0.8892,0.9973
52,0.16318057477474213,46,2,0.8889,0.9946
52,0.16528001427650452,45,2,0.891,0.9946
52,0.1707666516304016,44,2,0.8932,0.9946
52,0.17989115417003632,43,2,0.8954,0.9946
52,0.18301399052143097,42,2,0.8976,0.9946
52,0.2223680019378662,41,2,0.8998,0.9946
52,0.23285125195980072,40,2,0.902,0.9946
52,0.25434884428977966,39,2,0.9042,0.9946
52,0.2576371431350708,39,3,0.9039,0.9919
52,0.26053133606910706,38,3,0.9062,0.9919
52,0.26366373896598816,37,3,0.9084,0.9919
52,0.2657690942287445,36,3,0.9107,0.9919
52,0.2935989499092102,35,3,0.9129,0.9919
52,0.3032543361186981,34,3,0.9152,0.9919
52,0.32103627920150757,33,3,0.9175,0.9919
52,0.3273769021034241,32,3,0.9198,0.9919
52,0.33424749970436096,31,3,0.9221,0.9919
52,0.33767572045326233,30,3,0.9244,0.9919
52,0.342932790517807,29,3,0.9268,0.9919
52,0.3645007610321045,28,3,0.9291,0.9919
52,0.36517325043678284,27,3,0.9315,0.9919
52,0.3665047883987427,26,3,0.9338,0.9919
52,0.3788532018661499,25,3,0.9362,0.9919
52,0.389396995306015,24,3,0.9386,0.9919
52,0.39069128036499023,23,3,0.941,0.9919
52,0.391566663980484,23,4,0.9409,0.9892
52,0.3932304382324219,22,4,0.9433,0.9892
52,0.40031442046165466,21,4,0.9457,0.9892
52,0.40195485949516296,20,4,0.9482,0.9892
52,0.40645265579223633,19,4,0.9506,0.9892
52,0.4167945086956024,18,4,0.9531,0.9892
52,0.42085039615631104,17,4,0.9556,0.9892
52,0.4247726500034332,17,5,0.9555,0.9865
52,0.452504962682724,17,6,0.9554,0.9838
52,0.47808611392974854,17,7,0.9553,0.9811
52,0.4825582504272461,17,8,0.9551,0.9784
52,0.4862607717514038,16,8,0.9577,0.9784
52,0.4949726164340973,15,8,0.9602,0.9784
52,0.5170596241950989,15,9,0.9601,0.9757
52,0.5183377861976624,15,10,0.96,0.973
52,0.5239436030387878,14,10,0.9626,0.973
52,0.5455905199050903,13,10,0.9651,0.973
52,0.5813291668891907,12,10,0.9677,0.973
52,0.5827382206916809,12,11,0.9677,0.9703
52,0.5841233134269714,12,12,0.9676,0.9676
52,0.5909726619720459,11,12,0.9702,0.9676
52,0.5955209732055664,11,13,0.9701,0.9649
52,0.616799533367157,11,14,0.97,0.9622
52,0.658811092376709,10,14,0.9727,0.9622
52,0.6907654404640198,10,15,0.9726,0.9595
52,0.7145400047302246,9,15,0.9753,0.9595
52,0.727962076663971,9,16,0.9752,0.9568
52,0.7328076958656311,9,17,0.9751,0.9541
52,0.7381906509399414,9,18,0.9751,0.9514
52,0.7422944903373718,9,19,0.975,0.9486
52,0.7515661716461182,8,19,0.9777,0.9486
52,0.7614912986755371,7,19,0.9804,0.9486
52,0.7872774004936218,7,20,0.9804,0.9459
52,0.7885549068450928,7,21,0.9803,0.9432
52,0.7912774085998535,7,22,0.9803,0.9405
52,0.7978044152259827,7,23,0.9802,0.9378
52,0.7978871464729309,6,23,0.983,0.9378
52,0.8015732169151306,6,24,0.983,0.9351
52,0.8057050704956055,6,25,0.9829,0.9324
52,0.8158672451972961,6,26,0.9829,0.9297
52,0.8271372318267822,6,27,0.9828,0.927
52,0.8324304223060608,6,28,0.9828,0.9243
52,0.833620548248291,6,29,0.9827,0.9216
52,0.8348676562309265,6,30,0.9827,0.9189
52,0.83515864610672,6,31,0.9826,0.9162
52,0.837368905544281,6,32,0.9826,0.9135
52,0.8379608988761902,6,33,0.9825,0.9108
52,0.8380913734436035,6,34,0.9825,0.9081
52,0.8424003720283508,6,35,0.9824,0.9054
52,0.842801034450531,6,36,0.9824,0.9027
52,0.8447372317314148,6,37,0.9823,0.9
52,0.8470768928527832,6,38,0.9822,0.8973
52,0.8473047614097595,6,39,0.9822,0.8946
52,0.8486906886100769,6,40,0.9821,0.8919
52,0.8496923446655273,6,41,0.9821,0.8892
52,0.8589244484901428,6,42,0.982,0.8865
52,0.85936039686203,6,43,0.982,0.8838
52,0.8615081906318665,6,44,0.9819,0.8811
52,0.8627771735191345,6,45,0.9819,0.8784
52,0.8658667206764221,6,46,0.9818,0.8757
52,0.8664014339447021,6,47,0.9818,0.873
52,0.8699325919151306,6,48,0.9817,0.8703
52,0.8726215362548828,6,49,0.9817,0.8676
52,0.873365581035614,6,50,0.9816,0.8649
52,0.8765747547149658,6,51,0.9815,0.8622
52,0.8792155385017395,5,51,0.9846,0.8622
52,0.8849172592163086,5,52,0.9845,0.8595
52,0.8856889605522156,5,53,0.9845,0.8568
52,0.8856890201568604,5,54,0.9844,0.8541
52,0.8873816132545471,5,55,0.9844,0.8514
52,0.8883598446846008,5,56,0.9843,0.8486
52,0.8945930600166321,5,57,0.9843,0.8459
52,0.8947861194610596,5,58,0.9842,0.8432
52,0.8949398398399353,5,59,0.9842,0.8405
52,0.8956223130226135,5,60,0.9841,0.8378
52,0.9015457034111023,5,61,0.9841,0.8351
52,0.90436190366745,5,62,0.984,0.8324
52,0.9045679569244385,5,63,0.984,0.8297
52,0.9063212871551514,5,64,0.9839,0.827
52,0.9064090251922607,5,65,0.9839,0.8243
52,0.9064128994941711,5,66,0.9838,0.8216
52,0.9081072807312012,5,67,0.9838,0.8189
52,0.90861576795578,5,68,0.9837,0.8162
52,0.911701500415802,5,69,0.9837,0.8135
52,0.9130900502204895,5,70,0.9836,0.8108
52,0.9156420230865479,5,71,0.9836,0.8081
52,0.91761714220047,5,72,0.9835,0.8054
52,0.9186906814575195,5,73,0.9834,0.8027
52,0.9249449372291565,5,74,0.9834,0.8
52,0.9268589019775391,5,75,0.9833,0.7973
52,0.9274806976318359,5,76,0.9833,0.7946
52,0.9276643395423889,5,77,0.9832,0.7919
52,0.9282609820365906,5,78,0.9832,0.7892
52,0.9302293658256531,5,79,0.9831,0.7865
52,0.9326538443565369,5,80,0.9831,0.7838
52,0.9353612065315247,4,80,0.9864,0.7838
52,0.9376201033592224,4,81,0.9863,0.7811
52,0.9396154880523682,4,82,0.9863,0.7784
52,0.9412906169891357,4,83,0.9863,0.7757
52,0.9414909482002258,4,84,0.9862,0.773
52,0.9424193501472473,4,85,0.9862,0.7703
52,0.9427640438079834,4,86,0.9861,0.7676
52,0.9440252184867859,4,87,0.9861,0.7649
52,0.9449862837791443,4,88,0.986,0.7622
52,0.9466355443000793,4,89,0.986,0.7595
52,0.9472718238830566,4,90,0.9859,0.7568
52,0.9478793144226074,4,91,0.9859,0.7541
52,0.9491671919822693,4,92,0.9858,0.7514
52,0.9531636834144592,4,93,0.9858,0.7486
52,0.9533622860908508,4,94,0.9857,0.7459
52,0.9535689353942871,3,94,0.9892,0.7459
52,0.953944742679596,3,95,0.9892,0.7432
52,0.9542208313941956,3,96,0.9892,0.7405
52,0.9545533061027527,3,97,0.9891,0.7378
52,0.9546985626220703,3,98,0.9891,0.7351
52,0.9552910327911377,3,99,0.9891,0.7324
52,0.9553131461143494,3,100,0.989,0.7297
52,0.9559302926063538,3,101,0.989,0.727
52,0.9570234417915344,3,102,0.9889,0.7243
52,0.9580538868904114,3,103,0.9889,0.7216
52,0.9584628939628601,3,104,0.9888,0.7189
52,0.9586151242256165,3,105,0.9888,0.7162
52,0.958977222442627,3,106,0.9888,0.7135
52,0.9596114754676819,3,107,0.9887,0.7108
52,0.959743082523346,3,108,0.9887,0.7081
52,0.9602010846138,3,109,0.9886,0.7054
52,0.9605982303619385,3,110,0.9886,0.7027
52,0.9613890647888184,3,111,0.9885,0.7
52,0.9622716307640076,3,112,0.9885,0.6973
52,0.9629886746406555,3,113,0.9885,0.6946
52,0.9632108211517334,3,114,0.9884,0.6919
52,0.9639213681221008,3,115,0.9884,0.6892
52,0.9641427993774414,3,116,0.9883,0.6865
52,0.964533269405365,3,117,0.9883,0.6838
52,0.9650432467460632,3,118,0.9882,0.6811
52,0.9650887846946716,3,119,0.9882,0.6784
52,0.9654077887535095,3,120,0.9881,0.6757
52,0.9662060737609863,2,120,0.9921,0.6757
52,0.9672736525535583,2,121,0.992,0.673
52,0.967423141002655,2,122,0.992,0.6703
52,0.9677864909172058,2,123,0.992,0.6676
52,0.9683809280395508,2,124,0.9919,0.6649
52,0.9684651494026184,2,125,0.9919,0.6622
52,0.9709262251853943,2,126,0.9919,0.6595
52,0.9709448218345642,2,127,0.9918,0.6568
52,0.9714395999908447,2,128,0.9918,0.6541
52,0.971993625164032,2,129,0.9918,0.6514
52,0.972004234790802,2,130,0.9917,0.6486
52,0.9721617698669434,2,131,0.9917,0.6459
52,0.9729000926017761,2,132,0.9917,0.6432
52,0.9730331897735596,2,133,0.9916,0.6405
52,0.9732189774513245,2,134,0.9916,0.6378
52,0.9733651280403137,2,135,0.9916,0.6351
52,0.9734873175621033,2,136,0.9915,0.6324
52,0.9736500382423401,2,137,0.9915,0.6297
52,0.9737208485603333,2,138,0.9915,0.627
52,0.9737213253974915,2,139,0.9914,0.6243
52,0.9740321040153503,2,140,0.9914,0.6216
52,0.974345862865448,2,141,0.9913,0.6189
52,0.9747921824455261,2,142,0.9913,0.6162
52,0.9748721122741699,2,143,0.9913,0.6135
52,0.9751022458076477,2,144,0.9912,0.6108
52,0.9757011532783508,2,145,0.9912,0.6081
52,0.976163387298584,2,146,0.9912,0.6054
52,0.9761991500854492,2,147,0.9911,0.6027
52,0.9763150215148926,2,148,0.9911,0.6
52,0.9766602516174316,2,149,0.991,0.5973
52,0.9770076274871826,2,150,0.991,0.5946
52,0.9771787524223328,2,151,0.991,0.5919
52,0.9772633910179138,2,152,0.9909,0.5892
52,0.9772763252258301,2,153,0.9909,0.5865
52,0.9773674607276917,1,153,0.9954,0.5865
52,0.9774097800254822,1,154,0.9954,0.5838
52,0.977717936038971,1,155,0.9954,0.5811
52,0.9778008460998535,1,156,0.9953,0.5784
52,0.9783010482788086,1,157,0.9953,0.5757
52,0.9783130288124084,1,158,0.9953,0.573
52,0.978681743144989,1,159,0.9953,0.5703
52,0.978834867477417,1,160,0.9953,0.5676
52,0.9788636565208435,1,161,0.9952,0.5649
52,0.9792340397834778,1,162,0.9952,0.5622
52,0.979248046875,1,163,0.9952,0.5595
52,0.9793019890785217,1,164,0.9952,0.5568
52,0.9793055057525635,1,165,0.9951,0.5541
52,0.9793393015861511,1,166,0.9951,0.5514
52,0.9796218872070312,1,167,0.9951,0.5486
52,0.979668915271759,1,168,0.9951,0.5459
52,0.9797623753547668,1,169,0.995,0.5432
52,0.9799793362617493,1,170,0.995,0.5405
52,0.980113685131073,1,171,0.995,0.5378
52,0.9802117347717285,1,172,0.995,0.5351
52,0.9804069995880127,1,173,0.9949,0.5324
52,0.9805557131767273,1,174,0.9949,0.5297
52,0.980623185634613,1,175,0.9949,0.527
52,0.9808570742607117,1,176,0.9949,0.5243
52,0.9809081554412842,1,177,0.9948,0.5216
52,0.9809630513191223,1,178,0.9948,0.5189
52,0.981330394744873,1,179,0.9948,0.5162
52,0.9813801646232605,1,180,0.9948,0.5135
52,0.9813930988311768,1,181,0.9947,0.5108
52,0.9816352725028992,1,182,0.9947,0.5081
52,0.9818992614746094,1,183,0.9947,0.5054
52,0.9819342494010925,1,184,0.9947,0.5027
52,0.9820718765258789,1,185,0.9946,0.5
52,0.9821839332580566,1,186,0.9946,0.4973
52,0.982193648815155,1,187,0.9946,0.4946
52,0.9822844862937927,1,188,0.9945,0.4919
52,0.9822919964790344,1,189,0.9945,0.4892
52,0.9823412895202637,1,190,0.9945,0.4865
52,0.9825747609138489,1,191,0.9944,0.4838
52,0.9827003479003906,1,192,0.9944,0.4811
52,0.982822835445404,1,193,0.9944,0.4784
52,0.9829283356666565,1,194,0.9944,0.4757
52,0.9830398559570312,1,195,0.9943,0.473
52,0.9831891059875488,1,196,0.9943,0.4703
52,0.9833481907844543,1,197,0.9943,0.4676
52,0.9833690524101257,1,198,0.9942,0.4649
52,0.9833714365959167,1,199,0.9942,0.4622
52,0.9837103486061096,1,200,0.9942,0.4595
52,0.9837316870689392,1,201,0.9941,0.4568
52,0.9837596416473389,1,202,0.9941,0.4541
52,0.983843982219696,1,203,0.994,0.4514
52,0.9838485717773438,1,204,0.994,0.4486
52,0.9838962554931641,1,205,0.994,0.4459
52,0.9841470718383789,1,206,0.9939,0.4432
52,0.9842950701713562,1,207,0.9939,0.4405
52,0.984382152557373,1,208,0.9939,0.4378
52,0.9844433665275574,1,209,0.9938,0.4351
52,0.9845898747444153,1,210,0.9938,0.4324
52,0.9846165776252747,1,211,0.9938,0.4297
52,0.9846178889274597,1,212,0.9937,0.427
52,0.9846222400665283,1,213,0.9937,0.4243
52,0.9846844673156738,1,214,0.9936,0.4216
52,0.9847168326377869,1,215,0.9936,0.4189
52,0.9847260117530823,1,216,0.9935,0.4162
52,0.9848671555519104,1,217,0.9935,0.4135
52,0.9849567413330078,1,218,0.9935,0.4108
52,0.9849675297737122,1,219,0.9934,0.4081
52,0.9850297570228577,1,220,0.9934,0.4054
52,0.9850723743438721,1,221,0.9933,0.4027
52,0.9851378798484802,1,222,0.9933,0.4
52,0.9853885173797607,1,223,0.9932,0.3973
52,0.9855129718780518,1,224,0.9932,0.3946
52,0.9856502413749695,1,225,0.9932,0.3919
52,0.9856811165809631,1,226,0.9931,0.3892
52,0.9856851100921631,1,227,0.9931,0.3865
52,0.9857504367828369,1,228,0.993,0.3838
52,0.9858559966087341,1,229,0.993,0.3811
52,0.985896646976471,1,230,0.9929,0.3784
52,0.9859097003936768,1,231,0.9929,0.3757
52,0.9860801696777344,1,232,0.9928,0.373
52,0.9861494898796082,1,233,0.9928,0.3703
52,0.9861788153648376,1,234,0.9927,0.3676
52,0.986182689666748,1,235,0.9926,0.3649
52,0.9861948490142822,1,236,0.9926,0.3622
52,0.9862052798271179,1,237,0.9925,0.3595
52,0.9863405227661133,1,238,0.9925,0.3568
52,0.9863659739494324,1,239,0.9924,0.3541
52,0.9863793849945068,1,240,0.9924,0.3514
52,0.9864168763160706,1,241,0.9923,0.3486
52,0.9864180088043213,1,242,0.9922,0.3459
52,0.9864194989204407,1,243,0.9922,0.3432
52,0.9864590764045715,1,244,0.9921,0.3405
52,0.986467182636261,1,245,0.9921,0.3378
52,0.9865029454231262,1,246,0.992,0.3351
52,0.9866068959236145,1,247,0.9919,0.3324
52,0.9866363406181335,1,248,0.9919,0.3297
52,0.9866481423377991,0,248,1.0,0.3297
52,0.98673415184021,0,249,1.0,0.327
52,0.9867806434631348,0,250,1.0,0.3243
52,0.9868815541267395,0,251,1.0,0.3216
52,0.986894428730011,0,252,1.0,0.3189
52,0.9869073033332825,0,253,1.0,0.3162
52,0.9869164824485779,0,254,1.0,0.3135
52,0.987243115901947,0,255,1.0,0.3108
52,0.9872651696205139,0,256,1.0,0.3081
52,0.9874746203422546,0,257,1.0,0.3054
52,0.9875248074531555,0,258,1.0,0.3027
52,0.987625777721405,0,259,1.0,0.3
52,0.9876906275749207,0,260,1.0,0.2973
52,0.987769365310669,0,261,1.0,0.2946
52,0.987829864025116,0,262,1.0,0.2919
52,0.9878308176994324,0,263,1.0,0.2892
52,0.9878385663032532,0,264,1.0,0.2865
52,0.9878954291343689,0,265,1.0,0.2838
52,0.9879658818244934,0,266,1.0,0.2811
52,0.9880009293556213,0,267,1.0,0.2784
52,0.9880662560462952,0,268,1.0,0.2757
52,0.9881370663642883,0,269,1.0,0.273
52,0.9881544709205627,0,270,1.0,0.2703
52,0.9881691336631775,0,271,1.0,0.2676
52,0.9881782531738281,0,272,1.0,0.2649
52,0.9882126450538635,0,273,1.0,0.2622
52,0.9882225394248962,0,274,1.0,0.2595
52,0.9882805347442627,0,275,1.0,0.2568
52,0.9882910251617432,0,276,1.0,0.2541
52,0.9883132576942444,0,277,1.0,0.2514
52,0.9884262084960938,0,278,1.0,0.2486
52,0.9884900450706482,0,279,1.0,0.2459
52,0.9884987473487854,0,280,1.0,0.2432
52,0.988603413105011,0,281,1.0,0.2405
52,0.9886767864227295,0,282,1.0,0.2378
52,0.9886768460273743,0,283,1.0,0.2351
52,0.9887844920158386,0,284,1.0,0.2324
52,0.9887853264808655,0,285,1.0,0.2297
52,0.9887933135032654,0,286,1.0,0.227
52,0.9887968897819519,0,287,1.0,0.2243
52,0.9887993335723877,0,288,1.0,0.2216
52,0.9888882040977478,0,289,1.0,0.2189
52,0.9889423847198486,0,290,1.0,0.2162
52,0.9889841675758362,0,291,1.0,0.2135
52,0.988994836807251,0,292,1.0,0.2108
52,0.9890139698982239,0,293,1.0,0.2081
52,0.9890205264091492,0,294,1.0,0.2054
52,0.9891224503517151,0,295,1.0,0.2027
52,0.9891629219055176,0,296,1.0,0.2
52,0.9892868995666504,0,297,1.0,0.1973
52,0.9893361926078796,0,298,1.0,0.1946
52,0.989487886428833,0,299,1.0,0.1919
52,0.9895376563072205,0,300,1.0,0.1892
52,0.9895510673522949,0,301,1.0,0.1865
52,0.9895761013031006,0,302,1.0,0.1838
52,0.98959881067276,0,303,1.0,0.1811
52,0.9896308779716492,0,304,1.0,0.1784
52,0.9896820187568665,0,305,1.0,0.1757
52,0.9896919131278992,0,306,1.0,0.173
52,0.9897051453590393,0,307,1.0,0.1703
52,0.9897149205207825,0,308,1.0,0.1676
52,0.9897505640983582,0,309,1.0,0.1649
52,0.989780843257904,0,311,1.0,0.1595
52,0.9898242354393005,0,312,1.0,0.1568
52,0.9898367524147034,0,313,1.0,0.1541
52,0.9898802638053894,0,314,1.0,0.1514
52,0.9899812340736389,0,315,1.0,0.1486
52,0.9900146126747131,0,316,1.0,0.1459
52,0.990024745464325,0,317,1.0,0.1432
52,0.9900326132774353,0,318,1.0,0.1405
52,0.9900427460670471,0,319,1.0,0.1378
52,0.9900493621826172,0,320,1.0,0.1351
52,0.9901142120361328,0,321,1.0,0.1324
52,0.9901936054229736,0,322,1.0,0.1297
52,0.99019455909729,0,323,1.0,0.127
52,0.9902653694152832,0,324,1.0,0.1243
52,0.9902701377868652,0,325,1.0,0.1216
52,0.9904203414916992,0,326,1.0,0.1189
52,0.9904459118843079,0,327,1.0,0.1162
52,0.9904565215110779,0,328,1.0,0.1135
52,0.9905643463134766,0,329,1.0,0.1108
52,0.990577220916748,0,330,1.0,0.1081
52,0.9906251430511475,0,331,1.0,0.1054
52,0.9907514452934265,0,332,1.0,0.1027
52,0.9907724261283875,0,333,1.0,0.1
52,0.9908259510993958,0,334,1.0,0.0973
52,0.9908445477485657,0,335,1.0,0.0946
52,0.9909114837646484,0,336,1.0,0.0919
52,0.9910399317741394,0,337,1.0,0.0892
52,0.9910597801208496,0,338,1.0,0.0865
52,0.9910706877708435,0,339,1.0,0.0838
52,0.9911351203918457,0,340,1.0,0.0811
52,0.991359293460846,0,341,1.0,0.0784
52,0.9915259480476379,0,342,1.0,0.0757
52,0.9915595054626465,0,343,1.0,0.073
52,0.9915978312492371,0,344,1.0,0.0703
52,0.9916144013404846,0,345,1.0,0.0676
52,0.9916145205497742,0,346,1.0,0.0649
52,0.9916232228279114,0,347,1.0,0.0622
52,0.9916542172431946,0,348,1.0,0.0595
52,0.9917829632759094,0,349,1.0,0.0568
52,0.9917853474617004,0,350,1.0,0.0541
52,0.9918550848960876,0,351,1.0,0.0514
52,0.9918770790100098,0,352,1.0,0.0486
52,0.9919082522392273,0,353,1.0,0.0459
52,0.9920371174812317,0,354,1.0,0.0432
52,0.992180585861206,0,355,1.0,0.0405
52,0.992204487323761,0,356,1.0,0.0378
52,0.9922582507133484,0,357,1.0,0.0351
52,0.992291271686554,0,358,1.0,0.0324
52,0.9923707842826843,0,359,1.0,0.0297
52,0.9924039244651794,0,360,1.0,0.027
52,0.9924521446228027,0,361,1.0,0.0243
52,0.9926150441169739,0,362,1.0,0.0216
52,0.9928414225578308,0,363,1.0,0.0189
52,0.9929431080818176,0,364,1.0,0.0162
52,0.9929633140563965,0,365,1.0,0.0135
52,0.9930407404899597,0,366,1.0,0.0108
52,0.9930521845817566,0,367,1.0,0.0081
52,0.9932379126548767,0,368,1.0,0.0054
52,0.9933101534843445,0,369,1.0,0.0027
52,1.0,0,370,0.0,0.0
62,0.0,325,0,0.5324,1.0
62,0.0037821559235453606,325,0,0.5324,1.0
62,0.00388372247107327,324,0,0.5331,1.0
62,0.003910291939973831,323,0,0.5339,1.0
62,0.004010632634162903,322,0,0.5347,1.0
62,0.004076917190104723,321,0,0.5355,1.0
62,0.004087955225259066,320,0,0.5362,1.0
62,0.004228879697620869,319,0,0.537,1.0
62,0.004267568234354258,318,0,0.5378,1.0
62,0.00428001070395112,317,0,0.5386,1.0
62,0.00428775092586875,316,0,0.5394,1.0
62,0.004301045555621386,315,0,0.5401,1.0
62,0.004335060715675354,314,0,0.5409,1.0
62,0.004382568411529064,313,0,0.5417,1.0
62,0.00438257260248065,312,0,0.5425,1.0
62,0.0043916101567447186,311,0,0.5433,1.0
62,0.004415951203554869,310,0,0.5441,1.0
62,0.004438316915184259,309,0,0.5449,1.0
62,0.004446081351488829,308,0,0.5457,1.0
62,0.004451253917068243,307,0,0.5465,1.0
62,0.004457034636288881,306,0,0.5473,1.0
62,0.004462148994207382,305,0,0.5481,1.0
62,0.004462533164769411,304,0,0.549,1.0
62,0.0044659762643277645,303,0,0.5498,1.0
62,0.004467623308300972,302,0,0.5506,1.0
62,0.004471010062843561,301,0,0.5514,1.0
62,0.004473257344216108,300,0,0.5522,1.0
62,0.004474937450140715,299,0,0.5531,1.0
62,0.004484045319259167,298,0,0.5539,1.0
62,0.004496964626014233,297,0,0.5547,1.0
62,0.004509547725319862,296,0,0.5556,1.0
62,0.004515019711107016,295,0,0.5564,1.0
62,0.00453593535348773,294,0,0.5572,1.0
62,0.004538987297564745,293,0,0.5581,1.0
62,0.00457826117053628,292,0,0.5589,1.0
62,0.0045842439867556095,291,0,0.5598,1.0
62,0.004586830735206604,290,0,0.5606,1.0
62,0.00465352600440383,289,0,0.5615,1.0
62,0.004655929747968912,288,0,0.5623,1.0
62,0.004655930679291487,287,0,0.5632,1.0
62,0.004682690370827913,286,0,0.564,1.0
62,0.004750861786305904,285,0,0.5649,1.0
62,0.004752022679895163,284,0,0.5657,1.0
62,0.004784588236361742,283,0,0.5666,1.0
62,0.004796986002475023,282,0,0.5675,1.0
62,0.004799270536750555,281,0,0.5684,1.0
62,0.004812697879970074,280,0,0.5692,1.0
62,0.004851907957345247,279,0,0.5701,1.0
62,0.004893013276159763,278,0,0.571,1.0
62,0.004895401652902365,277,0,0.5719,1.0
62,0.004905703943222761,276,0,0.5728,1.0
62,0.004920936189591885,275,0,0.5736,1.0
62,0.0049288165755569935,274,0,0.5745,1.0
62,0.004933294374495745,273,0,0.5754,1.0
62,0.004938495811074972,272,0,0.5763,1.0
62,0.0049395267851650715,271,0,0.5772,1.0
62,0.004942029248923063,270,0,0.5781,1.0
62,0.0049454704858362675,269,0,0.579,1.0
62,0.0049544526264071465,268,0,0.5799,1.0
62,0.004998698830604553,267,0,0.5808,1.0
62,0.005025674123317003,266,0,0.5818,1.0
62,0.005061665549874306,265,0,0.5827,1.0
62,0.005062366370111704,264,0,0.5836,1.0
62,0.005087947007268667,263,0,0.5845,1.0
62,0.005091067869216204,262,0,0.5854,1.0
62,0.005139795131981373,261,0,0.5864,1.0
62,0.00516838114708662,260,0,0.5873,1.0
62,0.0052093942649662495,259,0,0.5882,1.0
62,0.005214110016822815,258,0,0.5892,1.0
62,0.005243733990937471,257,0,0.5901,1.0
62,0.005245140288025141,256,0,0.5911,1.0
62,0.005266692489385605,255,0,0.592,1.0
62,0.005375631153583527,254,0,0.5929,1.0
62,0.005402707029134035,253,0,0.5939,1.0
62,0.005440848413854837,252,0,0.5949,1.0
62,0.005483687389642,251,0,0.5958,1.0
62,0.005500137340277433,250,0,0.5968,1.0
62,0.005508356261998415,249,0,0.5977,1.0
62,0.005570019129663706,248,0,0.5987,1.0
62,0.0055802022106945515,247,0,0.5997,1.0
62,0.0056058671325445175,246,0,0.6006,1.0
62,0.005619310308247805,245,0,0.6016,1.0
62,0.00562620721757412,244,0,0.6026,1.0
62,0.005633755121380091,243,0,0.6036,1.0
62,0.005643097218126059,242,0,0.6046,1.0
62,0.005672859493643045,241,0,0.6056,1.0
62,0.005698243621736765,240,0,0.6066,1.0
62,0.005728872027248144,239,0,0.6076,1.0
62,0.005758092273026705,238,0,0.6086,1.0
62,0.005786091089248657,237,0,0.6096,1.0
62,0.0058053829707205296,236,0,0.6106,1.0
62,0.00583009235560894,235,0,0.6116,1.0
62,0.005844645667821169,234,0,0.6126,1.0
62,0.0058903261087834835,233,0,0.6136,1.0
62,0.00594475818797946,232,0,0.6146,1.0
62,0.0059499721974134445,231,0,0.6156,1.0
62,0.0059692393988370895,230,0,0.6167,1.0
62,0.006067579612135887,229,0,0.6177,1.0
62,0.00607948238030076,228,0,0.6187,1.0
62,0.006091829389333725,227,0,0.6198,1.0
62,0.0061259157955646515,226,0,0.6208,1.0
62,0.006132310256361961,225,0,0.6218,1.0
62,0.00619747256860137,224,0,0.6229,1.0
62,0.006232645828276873,223,0,0.6239,1.0
62,0.0062452503480017185,222,0,0.625,1.0
62,0.00631530350074172,221,0,0.6261,1.0
62,0.006346324924379587,220,0,0.6271,1.0
62,0.006371376570314169,219,0,0.6282,1.0
62,0.0064161475747823715,218,0,0.6293,1.0
62,0.006420707795768976,217,0,0.6303,1.0
62,0.00642501562833786,216,0,0.6314,1.0
62,0.006437605246901512,215,0,0.6325,1.0
62,0.006475839298218489,214,0,0.6336,1.0
62,0.006519130896776915,213,0,0.6346,1.0
62,0.006601970177143812,212,0,0.6357,1.0
62,0.006639739964157343,211,0,0.6368,1.0
62,0.006654709577560425,210,0,0.6379,1.0
62,0.006665464956313372,209,0,0.639,1.0
62,0.006713214796036482,208,0,0.6401,1.0
62,0.006818734109401703,207,0,0.6412,1.0
62,0.0068435389548540115,206,0,0.6424,1.0
62,0.00686263432726264,205,0,0.6435,1.0
62,0.0068898373283445835,204,0,0.6446,1.0
62,0.006905265152454376,203,0,0.6457,1.0
62,0.006909683346748352,202,0,0.6469,1.0
62,0.006945164408534765,201,0,0.648,1.0
62,0.006968970876187086,200,0,0.6491,1.0
62,0.006975147407501936,199,0,0.6503,1.0
62,0.007054876536130905,198,0,0.6514,1.0
62,0.007075222674757242,197,0,0.6526,1.0
62,0.007075383793562651,196,0,0.6537,1.0
62,0.0070983427576720715,195,0,0.6549,1.0
62,0.007109272759407759,194,0,0.656,1.0
62,0.007111131679266691,193,0,0.6572,1.0
62,0.007128506433218718,192,0,0.6584,1.0
62,0.0072684697806835175,191,0,0.6595,1.0
62,0.007269939407706261,190,0,0.6607,1.0
62,0.007370755076408386,189,0,0.6619,1.0
62,0.007371158804744482,188,0,0.6631,1.0
62,0.00749988341704011,187,0,0.6643,1.0
62,0.00754315173253417,186,0,0.6655,1.0
62,0.007562606129795313,185,0,0.6667,1.0
62,0.007570268120616674,184,0,0.6679,1.0
62,0.007572233211249113,183,0,0.6691,1.0
62,0.007624868769198656,182,0,0.6703,1.0
62,0.007634039502590895,181,0,0.6715,1.0
62,0.007690815720707178,180,0,0.6727,1.0
62,0.007778848987072706,179,0,0.674,1.0
62,0.007910946384072304,178,0,0.6752,1.0
62,0.008105807937681675,177,0,0.6764,1.0
62,0.008150196634232998,176,0,0.6777,1.0
62,0.00826068501919508,175,0,0.6789,1.0
62,0.008346770890057087,174,0,0.6801,1.0
62,0.008433776907622814,173,0,0.6814,1.0
62,0.00850096344947815,172,0,0.6827,1.0
62,0.00886895414441824,171,0,0.6839,1.0
62,0.008916325867176056,170,0,0.6852,1.0
62,0.00897535402327776,169,0,0.6865,1.0
62,0.009112180210649967,168,0,0.6877,1.0
62,0.009161691181361675,167,0,0.689,1.0
62,0.009250576607882977,166,0,0.6903,1.0
62,0.009327676147222519,165,0,0.6916,1.0
62,0.009391137398779392,164,0,0.6929,1.0
62,0.00953563954681158,163,0,0.6942,1.0
62,0.009924205020070076,162,0,0.6955,1.0
62,0.010168210603296757,161,0,0.6968,1.0
62,0.010526838712394238,160,0,0.6981,1.0
62,0.010566789656877518,159,0,0.6994,1.0
62,0.010744797997176647,158,0,0.7008,1.0
62,0.011093445122241974,157,0,0.7021,1.0
62,0.011120878159999847,156,0,0.7034,1.0
62,0.011334716342389584,155,0,0.7048,1.0
62,0.011497187428176403,154,0,0.7061,1.0
62,0.011510367505252361,153,0,0.7075,1.0
62,0.011528114788234234,152,0,0.7088,1.0
62,0.011607356369495392,151,0,0.7102,1.0
62,0.011847115121781826,150,0,0.7115,1.0
62,0.011866169981658459,149,0,0.7129,1.0
62,0.012172187678515911,148,0,0.7143,1.0
62,0.012231425382196903,147,0,0.7157,1.0
62,0.01227650884538889,146,0,0.7171,1.0
62,0.012403084896504879,145,0,0.7184,1.0
62,0.012882617302238941,144,0,0.7198,1.0
62,0.013111126609146595,143,0,0.7212,1.0
62,0.013150296173989773,142,0,0.7227,1.0
62,0.013474489562213421,141,0,0.7241,1.0
62,0.013792282901704311,140,0,0.7255,1.0
62,0.01399290096014738,139,0,0.7269,1.0
62,0.014071955345571041,138,0,0.7283,1.0
62,0.014088238589465618,137,0,0.7298,1.0
62,0.014532819390296936,136,0,0.7312,1.0
62,0.01492819469422102,135,0,0.7327,1.0
62,0.015080220066010952,134,0,0.7341,1.0
62,0.015100505203008652,133,0,0.7356,1.0
62,0.015177006833255291,132,0,0.7371,1.0
62,0.015193630009889603,131,0,0.7385,1.0
62,0.015244473703205585,130,0,0.74,1.0
62,0.015326268970966339,129,0,0.7415,1.0
62,0.015543371438980103,128,0,0.743,1.0
62,0.015586399473249912,127,0,0.7445,1.0
62,0.015592084266245365,126,0,0.746,1.0
62,0.01579475589096546,125,0,0.7475,1.0
62,0.016078921034932137,124,0,0.749,1.0
62,0.016984853893518448,123,0,0.7505,1.0
62,0.017379023134708405,122,0,0.752,1.0
62,0.017588641494512558,121,0,0.7536,1.0
62,0.017809128388762474,120,0,0.7551,1.0
62,0.017878586426377296,119,0,0.7566,1.0
62,0.01847207359969616,119,1,0.7561,0.9973
62,0.018899595364928246,118,1,0.7577,0.9973
62,0.019988341256976128,117,1,0.7593,0.9973
62,0.020702077075839043,116,1,0.7608,0.9973
62,0.022647278383374214,115,1,0.7624,0.9973
62,0.022973528131842613,114,1,0.764,0.9973
62,0.02369045279920101,113,1,0.7656,0.9973
62,0.024882232770323753,112,1,0.7672,0.9973
62,0.025105653330683708,111,1,0.7688,0.9973
62,0.02520412765443325,110,1,0.7704,0.9973
62,0.026856040582060814,109,1,0.772,0.9973
62,0.027226410806179047,108,1,0.7736,0.9973
62,0.028484942391514778,107,1,0.7752,0.9973
62,0.03013020195066929,106,1,0.7768,0.9973
62,0.030530937016010284,105,1,0.7785,0.9973
62,0.030574893578886986,104,1,0.7801,0.9973
62,0.031496819108724594,103,1,0.7818,0.9973
62,0.03322089463472366,102,1,0.7834,0.9973
62,0.035488709807395935,101,1,0.7851,0.9973
62,0.03578947111964226,100,1,0.7868,0.9973
62,0.03623206913471222,99,1,0.7885,0.9973
62,0.036604005843400955,98,1,0.7901,0.9973
62,0.03881755471229553,97,1,0.7918,0.9973
62,0.03912624344229698,96,1,0.7935,0.9973
62,0.04086735472083092,96,2,0.7931,0.9946
62,0.04305833950638771,95,2,0.7948,0.9946
62,0.04362243786454201,94,2,0.7965,0.9946
62,0.04749646410346031,93,2,0.7983,0.9946
62,0.05133533105254173,92,2,0.8,0.9946
62,0.051740940660238266,91,2,0.8017,0.9946
62,0.05233543738722801,90,2,0.8035,0.9946
62,0.05322524905204773,89,2,0.8053,0.9946
62,0.054356977343559265,88,2,0.807,0.9946
62,0.054626788944005966,87,2,0.8088,0.9946
62,0.057331327348947525,86,2,0.8106,0.9946
62,0.059508830308914185,85,2,0.8124,0.9946
62,0.06016125902533531,84,2,0.8142,0.9946
62,0.06323640048503876,83,2,0.816,0.9946
62,0.0643593966960907,82,2,0.8178,0.9946
62,0.06582651287317276,81,2,0.8196,0.9946
62,0.0663072019815445,80,2,0.8214,0.9946
62,0.06815540045499802,79,2,0.8233,0.9946
62,0.07191881537437439,78,2,0.8251,0.9946
62,0.07864344865083694,77,2,0.827,0.9946
62,0.08288564532995224,76,2,0.8288,0.9946
62,0.08673342317342758,75,2,0.8307,0.9946
62,0.09068506211042404,74,2,0.8326,0.9946
62,0.0916401669383049,73,2,0.8345,0.9946
62,0.09340747445821762,72,2,0.8364,0.9946
62,0.09469274431467056,71,2,0.8383,0.9946
62,0.09695947170257568,70,2,0.8402,0.9946
62,0.0997866615653038,69,2,0.8421,0.9946
62,0.10782759636640549,68,2,0.844,0.9946
62,0.1083616390824318,67,2,0.846,0.9946
62,0.10876911133527756,66,2,0.8479,0.9946
62,0.11129161715507507,65,2,0.8499,0.9946
62,0.11130452901124954,64,2,0.8519,0.9946
62,0.11298630386590958,63,2,0.8538,0.9946
62,0.11534631997346878,62,2,0.8558,0.9946
62,0.11545143276453018,61,2,0.8578,0.9946
62,0.12172556668519974,60,2,0.8598,0.9946
62,0.12272443622350693,59,2,0.8618,0.9946
62,0.12320500612258911,58,2,0.8638,0.9946
62,0.12879569828510284,57,2,0.8659,0.9946
62,0.12903885543346405,56,2,0.8679,0.9946
62,0.1316339522600174,55,2,0.87,0.9946
62,0.13185931742191315,54,2,0.872,0.9946
62,0.13363753259181976,53,2,0.8741,0.9946
62,0.1394180953502655,52,2,0.8762,0.9946
62,0.14010407030582428,51,2,0.8783,0.9946
62,0.14528822898864746,50,2,0.8804,0.9946
62,0.14689041674137115,49,2,0.8825,0.9946
62,0.14774297177791595,48,2,0.8846,0.9946
62,0.15212248265743256,47,2,0.8867,0.9946
62,0.16111628711223602,46,2,0.8889,0.9946
62,0.16193421185016632,45,2,0.891,0.9946
62,0.16216669976711273,44,2,0.8932,0.9946
62,0.17152583599090576,43,2,0.8954,0.9946
62,0.18024472892284393,43,3,0.8951,0.9919
62,0.18056154251098633,42,3,0.8973,0.9919
62,0.19335763156414032,42,4,0.8971,0.9892
62,0.19427840411663055,41,4,0.8993,0.9892
62,0.19810740649700165,40,4,0.9015,0.9892
62,0.19918008148670197,39,4,0.9037,0.9892
62,0.2067524939775467,38,4,0.9059,0.9892
62,0.21013492345809937,37,4,0.9082,0.9892
62,0.2229914665222168,36,4,0.9104,0.9892
62,0.22534124553203583,35,4,0.9127,0.9892
62,0.22634725272655487,34,4,0.915,0.9892
62,0.23605577647686005,33,4,0.9173,0.9892
62,0.24024860560894012,32,4,0.9196,0.9892
62,0.24430568516254425,32,5,0.9194,0.9865
62,0.2450770139694214,31,5,0.9217,0.9865
62,0.24564220011234283,30,5,0.9241,0.9865
62,0.26222991943359375,29,5,0.9264,0.9865
62,0.286947101354599,28,5,0.9288,0.9865
62,0.2896263301372528,27,5,0.9311,0.9865
62,0.2986789047718048,26,5,0.9335,0.9865
62,0.29912224411964417,26,6,0.9333,0.9838
62,0.2997265160083771,25,6,0.9357,0.9838
62,0.308070570230484,24,6,0.9381,0.9838
62,0.3284154236316681,23,6,0.9406,0.9838
62,0.3506481647491455,22,6,0.943,0.9838
62,0.35090938210487366,22,7,0.9429,0.9811
62,0.35452961921691895,22,8,0.9427,0.9784
62,0.3677949905395508,21,8,0.9452,0.9784
62,0.372301310300827,20,8,0.9476,0.9784
62,0.38616251945495605,19,8,0.9501,0.9784
62,0.39735352993011475,19,9,0.95,0.9757
62,0.4015754759311676,19,10,0.9499,0.973
62,0.41279444098472595,18,10,0.9524,0.973
62,0.42668482661247253,17,10,0.9549,0.973
62,0.4445136487483978,16,10,0.9574,0.973
62,0.4460427463054657,15,10,0.96,0.973
62,0.45826563239097595,15,11,0.9599,0.9703
62,0.46241453289985657,14,11,0.9625,0.9703
62,0.4625389873981476,13,11,0.9651,0.9703
62,0.46864989399909973,12,11,0.9677,0.9703
62,0.4853611886501312,11,11,0.9703,0.9703
62,0.5120180249214172,11,12,0.9702,0.9676
62,0.52936851978302,11,13,0.9701,0.9649
62,0.5382916331291199,11,14,0.97,0.9622
62,0.5457208752632141,10,14,0.9727,0.9622
62,0.5668942928314209,10,15,0.9726,0.9595
62,0.5721719861030579,10,16,0.9725,0.9568
62,0.5761182904243469,9,16,0.9752,0.9568
62,0.5849937796592712,9,17,0.9751,0.9541
62,0.619083046913147,8,17,0.9778,0.9541
62,0.622281014919281,8,18,0.9778,0.9514
62,0.6287053227424622,7,18,0.9805,0.9514
62,0.6454684734344482,7,19,0.9804,0.9486
62,0.6488468647003174,7,20,0.9804,0.9459
62,0.6596673130989075,7,21,0.9803,0.9432
62,0.6783546805381775,7,22,0.9803,0.9405
62,0.6789381504058838,7,23,0.9802,0.9378
62,0.7058867812156677,7,24,0.9802,0.9351
62,0.7087311744689941,7,25,0.9801,0.9324
62,0.7294631004333496,7,26,0.9801,0.9297
62,0.7348288893699646,7,27,0.98,0.927
62,0.7369275093078613,7,28,0.9799,0.9243
62,0.7414979338645935,7,29,0.9799,0.9216
62,0.7429997324943542,7,30,0.9798,0.9189
62,0.7442770004272461,7,31,0.9798,0.9162
62,0.7458874583244324,7,32,0.9797,0.9135
62,0.7464236617088318,7,33,0.9797,0.9108
62,0.7477683424949646,7,34,0.9796,0.9081
62,0.7491397857666016,7,35,0.9795,0.9054
62,0.7626168131828308,7,36,0.9795,0.9027
62,0.7627129554748535,7,37,0.9794,0.9
62,0.7744558453559875,7,38,0.9794,0.8973
62,0.784212589263916,7,39,0.9793,0.8946
62,0.7866783142089844,7,40,0.9792,0.8919
62,0.7890296578407288,7,41,0.9792,0.8892
62,0.7950193285942078,7,42,0.9791,0.8865
62,0.7951038479804993,7,43,0.979,0.8838
62,0.7979795932769775,7,44,0.979,0.8811
62,0.8013322949409485,7,45,0.9789,0.8784
62,0.8025910258293152,7,46,0.9789,0.8757
62,0.8123013973236084,7,47,0.9788,0.873
62,0.813505232334137,7,48,0.9787,0.8703
62,0.8182918429374695,6,48,0.9817,0.8703
62,0.8213577270507812,6,49,0.9817,0.8676
62,0.8226091265678406,6,50,0.9816,0.8649
62,0.8247166275978088,6,51,0.9815,0.8622
62,0.8266010284423828,6,52,0.9815,0.8595
62,0.8268582820892334,6,53,0.9814,0.8568
62,0.8280701637268066,6,54,0.9814,0.8541
62,0.8288622498512268,6,55,0.9813,0.8514
62,0.8382740616798401,6,56,0.9812,0.8486
62,0.8433108329772949,6,57,0.9812,0.8459
62,0.8450348973274231,6,58,0.9811,0.8432
62,0.8487831950187683,6,59,0.9811,0.8405
62,0.8570933938026428,6,60,0.981,0.8378
62,0.8581247329711914,6,61,0.981,0.8351
62,0.8657090067863464,6,62,0.9809,0.8324
62,0.8680214285850525,6,63,0.9808,0.8297
62,0.8693951964378357,6,64,0.9808,0.827
62,0.8711255192756653,6,65,0.9807,0.8243
62,0.8725363612174988,6,66,0.9806,0.8216
62,0.8735003471374512,6,67,0.9806,0.8189
62,0.8774915337562561,6,68,0.9805,0.8162
62,0.878247082233429,6,69,0.9805,0.8135
62,0.878760039806366,6,70,0.9804,0.8108
62,0.8788349628448486,6,71,0.9803,0.8081
62,0.8788702487945557,6,72,0.9803,0.8054
62,0.8795912861824036,6,73,0.9802,0.8027
62,0.8837757110595703,5,73,0.9834,0.8027
62,0.8838819861412048,5,74,0.9834,0.8
62,0.8839116096496582,5,75,0.9833,0.7973
62,0.8859288096427917,5,76,0.9833,0.7946
62,0.8878987431526184,5,77,0.9832,0.7919
62,0.8879594802856445,5,78,0.9832,0.7892
62,0.8906069397926331,4,78,0.9865,0.7892
62,0.8910112977027893,4,79,0.9864,0.7865
62,0.8929818272590637,4,80,0.9864,0.7838
62,0.8948922157287598,4,81,0.9863,0.7811
62,0.8955650329589844,4,82,0.9863,0.7784
62,0.8962516784667969,4,83,0.9863,0.7757
62,0.8965499401092529,4,84,0.9862,0.773
62,0.8977770805358887,4,85,0.9862,0.7703
62,0.8987062573432922,4,86,0.9861,0.7676
62,0.9004517197608948,4,87,0.9861,0.7649
62,0.9013915061950684,4,88,0.986,0.7622
62,0.902543842792511,3,88,0.9895,0.7622
62,0.902712881565094,3,89,0.9894,0.7595
62,0.9030563831329346,3,90,0.9894,0.7568
62,0.9034252166748047,3,91,0.9894,0.7541
62,0.90352863073349,3,92,0.9893,0.7514
62,0.9043097496032715,3,93,0.9893,0.7486
62,0.9046316742897034,3,94,0.9892,0.7459
62,0.9145823121070862,3,95,0.9892,0.7432
62,0.9165458679199219,3,96,0.9892,0.7405
62,0.919583797454834,3,97,0.9891,0.7378
62,0.9198854565620422,3,98,0.9891,0.7351
62,0.9315298199653625,3,99,0.9891,0.7324
62,0.9351571202278137,3,100,0.989,0.7297
62,0.9393673539161682,3,101,0.989,0.727
62,0.9401895999908447,3,102,0.9889,0.7243
62,0.9438717365264893,3,103,0.9889,0.7216
62,0.9441439509391785,3,104,0.9888,0.7189
62,0.9469282031059265,3,105,0.9888,0.7162
62,0.9472072720527649,3,106,0.9888,0.7135
62,0.9490761160850525,3,107,0.9887,0.7108
62,0.9504008293151855,3,108,0.9887,0.7081
62,0.9517121315002441,3,109,0.9886,0.7054
62,0.9535620808601379,3,110,0.9886,0.7027
62,0.9552223086357117,3,111,0.9885,0.7
62,0.9553502202033997,2,111,0.9923,0.7
62,0.9557802081108093,2,112,0.9923,0.6973
62,0.956432044506073,2,113,0.9923,0.6946
62,0.9574916362762451,2,114,0.9922,0.6919
62,0.9597122073173523,2,115,0.9922,0.6892
62,0.9610161781311035,2,116,0.9922,0.6865
62,0.961489200592041,2,117,0.9922,0.6838
62,0.9622102379798889,2,118,0.9921,0.6811
62,0.963089644908905,2,119,0.9921,0.6784
62,0.9631433486938477,2,120,0.9921,0.6757
62,0.9639871716499329,2,121,0.992,0.673
62,0.964346170425415,2,122,0.992,0.6703
62,0.9653425216674805,2,123,0.992,0.6676
62,0.9657167792320251,2,124,0.9919,0.6649
62,0.9659712314605713,2,125,0.9919,0.6622
62,0.9663200974464417,2,126,0.9919,0.6595
62,0.9668066501617432,2,127,0.9918,0.6568
62,0.9668147563934326,2,128,0.9918,0.6541
62,0.9670045375823975,2,129,0.9918,0.6514
62,0.967484176158905,2,130,0.9917,0.6486
62,0.9687895178794861,2,131,0.9917,0.6459
62,0.9693679809570312,2,132,0.9917,0.6432
62,0.9695454239845276,2,133,0.9916,0.6405
62,0.9707933068275452,2,134,0.9916,0.6378
62,0.970869243144989,2,135,0.9916,0.6351
62,0.9711233973503113,2,136,0.9915,0.6324
62,0.9713113307952881,2,137,0.9915,0.6297
62,0.9713253974914551,2,138,0.9915,0.627
62,0.9713446497917175,2,139,0.9914,0.6243
62,0.9714539647102356,2,140,0.9914,0.6216
62,0.9715287089347839,2,141,0.9913,0.6189
62,0.9715957641601562,2,142,0.9913,0.6162
62,0.971858561038971,2,143,0.9913,0.6135
62,0.9718725681304932,1,143,0.9956,0.6135
62,0.9723739624023438,1,144,0.9956,0.6108
62,0.9724330902099609,1,145,0.9956,0.6081
62,0.9729060530662537,1,146,0.9956,0.6054
62,0.972934901714325,1,147,0.9955,0.6027
62,0.9731643795967102,1,148,0.9955,0.6
62,0.9736965298652649,1,149,0.9955,0.5973
62,0.9738871455192566,1,150,0.9955,0.5946
62,0.9745028018951416,1,151,0.9955,0.5919
62,0.9748671650886536,1,152,0.9954,0.5892
62,0.9754430651664734,1,153,0.9954,0.5865
62,0.9756312370300293,1,154,0.9954,0.5838
62,0.9757664203643799,1,155,0.9954,0.5811
62,0.9758729338645935,1,156,0.9953,0.5784
62,0.9761732220649719,1,157,0.9953,0.5757
62,0.9765051007270813,1,158,0.9953,0.573
62,0.9765419960021973,1,159,0.9953,0.5703
62,0.9771232008934021,1,160,0.9953,0.5676
62,0.9772626757621765,1,161,0.9952,0.5649
62,0.9773580431938171,1,162,0.9952,0.5622
62,0.977625846862793,1,163,0.9952,0.5595
62,0.9784088134765625,1,164,0.9952,0.5568
62,0.9784184098243713,1,165,0.9951,0.5541
62,0.9786353707313538,1,166,0.9951,0.5514
62,0.9787208437919617,1,167,0.9951,0.5486
62,0.9789885878562927,1,168,0.9951,0.5459
62,0.979350745677948,1,169,0.995,0.5432
62,0.9795072674751282,1,170,0.995,0.5405
62,0.9795374870300293,1,171,0.995,0.5378
62,0.9796420931816101,1,172,0.995,0.5351
62,0.9799852967262268,1,173,0.9949,0.5324
62,0.9800013899803162,1,174,0.9949,0.5297
62,0.9800451397895813,1,175,0.9949,0.527
62,0.98012775182724,1,176,0.9949,0.5243
62,0.9801793694496155,1,177,0.9948,0.5216
62,0.9802038073539734,1,178,0.9948,0.5189
62,0.9802932739257812,1,179,0.9948,0.5162
62,0.9804207682609558,1,180,0.9948,0.5135
62,0.9805000424385071,1,181,0.9947,0.5108
62,0.9806373715400696,1,182,0.9947,0.5081
62,0.9810280203819275,1,183,0.9947,0.5054
62,0.9810482859611511,1,184,0.9947,0.5027
62,0.9810603260993958,1,185,0.9946,0.5
62,0.9812893271446228,1,186,0.9946,0.4973
62,0.9814465641975403,1,187,0.9946,0.4946
62,0.981879711151123,1,188,0.9945,0.4919
62,0.9818955063819885,1,189,0.9945,0.4892
62,0.9819421172142029,1,190,0.9945,0.4865
62,0.9819883704185486,1,191,0.9944,0.4838
62,0.9822141528129578,1,192,0.9944,0.4811
62,0.9825313091278076,1,193,0.9944,0.4784
62,0.9829789996147156,1,194,0.9944,0.4757
62,0.9830514788627625,1,195,0.9943,0.473
62,0.9830553531646729,1,196,0.9943,0.4703
62,0.9831812977790833,1,197,0.9943,0.4676
62,0.9835688471794128,1,198,0.9942,0.4649
62,0.9836036562919617,1,199,0.9942,0.4622
62,0.9838099479675293,1,200,0.9942,0.4595
62,0.9838413596153259,1,201,0.9941,0.4568
62,0.9838463664054871,1,202,0.9941,0.4541
62,0.9838750958442688,1,203,0.994,0.4514
62,0.984005868434906,1,204,0.994,0.4486
62,0.9841074347496033,1,205,0.994,0.4459
62,0.9842116832733154,1,206,0.9939,0.4432
62,0.9842332005500793,1,207,0.9939,0.4405
62,0.9842879772186279,1,208,0.9939,0.4378
62,0.9844596982002258,1,209,0.9938,0.4351
62,0.9844694137573242,1,210,0.9938,0.4324
62,0.9846842288970947,1,211,0.9938,0.4297
62,0.9847095608711243,1,212,0.9937,0.427
62,0.9847701191902161,1,213,0.9937,0.4243
62,0.9848155975341797,1,214,0.9936,0.4216
62,0.9848881363868713,1,215,0.9936,0.4189
62,0.9849686026573181,1,216,0.9935,0.4162
62,0.9850828051567078,1,217,0.9935,0.4135
62,0.9851881861686707,1,218,0.9935,0.4108
62,0.9853749871253967,1,219,0.9934,0.4081
62,0.9854341149330139,1,220,0.9934,0.4054
62,0.9855776429176331,1,221,0.9933,0.4027
62,0.9856381416320801,1,222,0.9933,0.4
62,0.9857842922210693,1,223,0.9932,0.3973
62,0.9859123229980469,1,224,0.9932,0.3946
62,0.9859731793403625,1,225,0.9932,0.3919
62,0.9860193729400635,1,226,0.9931,0.3892
62,0.986037015914917,1,227,0.9931,0.3865
62,0.9860753417015076,1,228,0.993,0.3838
62,0.9860987067222595,1,229,0.993,0.3811
62,0.9863190054893494,1,230,0.9929,0.3784
62,0.986375629901886,1,231,0.9929,0.3757
62,0.9863932132720947,0,231,1.0,0.3757
62,0.9864069819450378,0,232,1.0,0.373
62,0.9867375493049622,0,233,1.0,0.3703
62,0.986759603023529,0,234,1.0,0.3676
62,0.9869150519371033,0,235,1.0,0.3649
62,0.9869492650032043,0,236,1.0,0.3622
62,0.9869785308837891,0,237,1.0,0.3595
62,0.9869992733001709,0,238,1.0,0.3568
62,0.9870491027832031,0,239,1.0,0.3541
62,0.9871125817298889,0,240,1.0,0.3514
62,0.987347424030304,0,241,1.0,0.3486
62,0.9874226450920105,0,242,1.0,0.3459
62,0.987466037273407,0,243,1.0,0.3432
62,0.987522304058075,0,244,1.0,0.3405
62,0.9875498414039612,0,245,1.0,0.3378
62,0.9875750541687012,0,246,1.0,0.3351
62,0.9875765442848206,0,247,1.0,0.3324
62,0.9875893592834473,0,248,1.0,0.3297
62,0.9876248240470886,0,249,1.0,0.327
62,0.9876278042793274,0,250,1.0,0.3243
62,0.9877252578735352,0,251,1.0,0.3216
62,0.9878636002540588,0,252,1.0,0.3189
62,0.9879817366600037,0,253,1.0,0.3162
62,0.9882635474205017,0,254,1.0,0.3135
62,0.9883578419685364,0,255,1.0,0.3108
62,0.9883595108985901,0,256,1.0,0.3081
62,0.9884169697761536,0,257,1.0,0.3054
62,0.9884645342826843,0,258,1.0,0.3027
62,0.9885391592979431,0,259,1.0,0.3
62,0.9886102080345154,0,260,1.0,0.2973
62,0.9886192679405212,0,261,1.0,0.2946
62,0.9887903332710266,0,262,1.0,0.2919
62,0.9887931942939758,0,263,1.0,0.2892
62,0.988800048828125,0,264,1.0,0.2865
62,0.9888013005256653,0,265,1.0,0.2838
62,0.9888074994087219,0,266,1.0,0.2811
62,0.9888129830360413,0,267,1.0,0.2784
62,0.9888901114463806,0,268,1.0,0.2757
62,0.9889114499092102,0,269,1.0,0.273
62,0.9889118671417236,0,270,1.0,0.2703
62,0.9889371991157532,0,271,1.0,0.2676
62,0.9889610409736633,0,272,1.0,0.2649
62,0.9890409111976624,0,273,1.0,0.2622
62,0.9891204237937927,0,274,1.0,0.2595
62,0.9891412258148193,0,275,1.0,0.2568
62,0.9892032742500305,0,276,1.0,0.2541
62,0.9892774224281311,0,277,1.0,0.2514
62,0.9892978668212891,0,278,1.0,0.2486
62,0.9893364906311035,0,279,1.0,0.2459
62,0.9893479347229004,0,280,1.0,0.2432
62,0.9894755482673645,0,281,1.0,0.2405
62,0.9894786477088928,0,282,1.0,0.2378
62,0.9894957542419434,0,283,1.0,0.2351
62,0.9896751046180725,0,284,1.0,0.2324
62,0.9897010922431946,0,285,1.0,0.2297
62,0.9897369742393494,0,286,1.0,0.227
62,0.9897370338439941,0,287,1.0,0.2243
62,0.9897378087043762,0,288,1.0,0.2216
62,0.9898132681846619,0,289,1.0,0.2189
62,0.9898659586906433,0,290,1.0,0.2162
62,0.9898786544799805,0,291,1.0,0.2135
62,0.9899589419364929,0,292,1.0,0.2108
62,0.9902303218841553,0,293,1.0,0.2081
62,0.9902648329734802,0,294,1.0,0.2054
62,0.9903196692466736,0,295,1.0,0.2027
62,0.9903882145881653,0,296,1.0,0.2
62,0.9904212355613708,0,297,1.0,0.1973
62,0.9904220104217529,0,298,1.0,0.1946
62,0.9904546737670898,0,299,1.0,0.1919
62,0.9904561638832092,0,300,1.0,0.1892
62,0.9904768466949463,0,301,1.0,0.1865
62,0.9905000329017639,0,302,1.0,0.1838
62,0.990500271320343,0,303,1.0,0.1811
62,0.9905641078948975,0,304,1.0,0.1784
62,0.9905659556388855,0,305,1.0,0.1757
62,0.9905950427055359,0,306,1.0,0.173
62,0.9908893704414368,0,307,1.0,0.1703
62,0.9908944964408875,0,308,1.0,0.1676
62,0.9909200072288513,0,309,1.0,0.1649
62,0.9909206032752991,0,310,1.0,0.1622
62,0.9909574389457703,0,311,1.0,0.1595
62,0.9909937977790833,0,312,1.0,0.1568
62,0.9910081028938293,0,313,1.0,0.1541
62,0.9910467267036438,0,314,1.0,0.1514
62,0.9911113381385803,0,315,1.0,0.1486
62,0.9911807179450989,0,316,1.0,0.1459
62,0.9911901354789734,0,317,1.0,0.1432
62,0.9913733601570129,0,318,1.0,0.1405
62,0.9913832545280457,0,319,1.0,0.1378
62,0.9914619326591492,0,320,1.0,0.1351
62,0.9915246367454529,0,321,1.0,0.1324
62,0.9915404319763184,0,322,1.0,0.1297
62,0.9915762543678284,0,323,1.0,0.127
62,0.9916002750396729,0,324,1.0,0.1243
62,0.9916940331459045,0,325,1.0,0.1216
62,0.9917030930519104,0,326,1.0,0.1189
62,0.9917847514152527,0,327,1.0,0.1162
62,0.9918391108512878,0,328,1.0,0.1135
62,0.991932213306427,0,329,1.0,0.1108
62,0.9919961094856262,0,330,1.0,0.1081
62,0.9920482039451599,0,331,1.0,0.1054
62,0.992058277130127,0,332,1.0,0.1027
62,0.9920623898506165,0,333,1.0,0.1
62,0.9921109080314636,0,334,1.0,0.0973
62,0.9921198487281799,0,335,1.0,0.0946
62,0.9921779632568359,0,336,1.0,0.0919
62,0.9923065304756165,0,337,1.0,0.0892
62,0.9923295974731445,0,338,1.0,0.0865
62,0.9923357963562012,0,339,1.0,0.0838
62,0.9923384189605713,0,340,1.0,0.0811
62,0.9923417568206787,0,341,1.0,0.0784
62,0.9923851490020752,0,342,1.0,0.0757
62,0.9924073219299316,0,343,1.0,0.073
62,0.9925108551979065,0,344,1.0,0.0703
62,0.9925264716148376,0,345,1.0,0.0676
62,0.9925799369812012,0,346,1.0,0.0649
62,0.9927671551704407,0,347,1.0,0.0622
62,0.9927687644958496,0,348,1.0,0.0595
62,0.9928180575370789,0,349,1.0,0.0568
62,0.9928392767906189,0,350,1.0,0.0541
62,0.9928412437438965,0,351,1.0,0.0514
62,0.9929019808769226,0,352,1.0,0.0486
62,0.9930012822151184,0,353,1.0,0.0459
62,0.9930145144462585,0,354,1.0,0.0432
62,0.9930813908576965,0,355,1.0,0.0405
62,0.9931690096855164,0,356,1.0,0.0378
62,0.9932987689971924,0,357,1.0,0.0351
62,0.9933640956878662,0,358,1.0,0.0324
62,0.9933950304985046,0,359,1.0,0.0297
62,0.9934270977973938,0,360,1.0,0.027
62,0.993438720703125,0,361,1.0,0.0243
62,0.9934765696525574,0,362,1.0,0.0216
62,0.9936237931251526,0,363,1.0,0.0189
62,0.9939977526664734,0,364,1.0,0.0162
62,0.9940155148506165,0,365,1.0,0.0135
62,0.994403600692749,0,366,1.0,0.0108
62,0.9944920539855957,0,367,1.0,0.0081
62,0.9946244359016418,0,368,1.0,0.0054
62,0.994865357875824,0,369,1.0,0.0027
62,1.0,0,370,0.0,0.0
