embedding,seed,split,layer,head,checkpoint_run_id,baseline_probability_max_error,mean_abs_delta_probability,mean_delta_probability,f1_macro_drop,recall_scam_drop,precision_scam_drop,fp_delta,fn_delta,ablated_f1_macro,ablated_precision_scam,ablated_recall_scam,ablated_FP,ablated_FN
bge,62,validation,0,0,batch_size=16__dropout=0.1__embedding=bge__gradient_clip=1.0__hidden_d_9b45238d,1.8477439880371092e-06,0.7318550245212916,-0.7318550245212916,0.6950000000000001,-0.0361,0.6321,823,-3,0.2088,0.0886,1.0,854,0
bge,62,validation,0,1,batch_size=16__dropout=0.1__embedding=bge__gradient_clip=1.0__hidden_d_9b45238d,1.8477439880371092e-06,0.079642572114717,-0.0796400709211007,0.0463,-0.0361,0.1278,26,-3,0.8575,0.5929,1.0,57,0
bge,62,validation,1,0,batch_size=16__dropout=0.1__embedding=bge__gradient_clip=1.0__hidden_d_9b45238d,1.8477439880371092e-06,0.11610082728317,-0.11610082728317,0.1391,-0.012,0.2988,80,-1,0.7647,0.4219,0.9759,111,2
bge,62,validation,1,1,batch_size=16__dropout=0.1__embedding=bge__gradient_clip=1.0__hidden_d_9b45238d,1.8477439880371092e-06,0.1095522299356455,-0.1095522299356455,0.0932,-0.012,0.2176,49,-1,0.8106,0.5031,0.9759,80,2
bge,62,validation,2,0,batch_size=16__dropout=0.1__embedding=bge__gradient_clip=1.0__hidden_d_9b45238d,1.8477439880371092e-06,0.0311696759402745,-0.0310524338791843,0.0085,-0.012,0.0283999999999999,5,-1,0.8953,0.6923,0.9759,36,2
bge,62,validation,2,1,batch_size=16__dropout=0.1__embedding=bge__gradient_clip=1.0__hidden_d_9b45238d,1.8477439880371092e-06,0.0390232096775327,-0.0312342182337542,0.0085,-0.012,0.0283999999999999,5,-1,0.8953,0.6923,0.9759,36,2
bge,62,validation,3,0,batch_size=16__dropout=0.1__embedding=bge__gradient_clip=1.0__hidden_d_9b45238d,1.8477439880371092e-06,0.0294078705107426,-0.016786906191871,-0.0022999999999999,0.0,-0.0065999999999999,-1,0,0.9061,0.7273,0.9639,30,3
bge,62,validation,3,1,batch_size=16__dropout=0.1__embedding=bge__gradient_clip=1.0__hidden_d_9b45238d,1.8477439880371092e-06,0.0666578470055093,-0.0554522728536274,0.0107,-0.012,0.0343,6,-1,0.8931,0.6864,0.9759,37,2
bge,62,test_internal,0,0,batch_size=16__dropout=0.1__embedding=bge__gradient_clip=1.0__hidden_d_9b45238d,3.0994415283203125e-06,0.3041640205499749,-0.2855185986466357,0.2991,-0.0352,0.3175,381,-26,0.6302,0.6271,0.9568,421,32
bge,62,test_internal,0,1,batch_size=16__dropout=0.1__embedding=bge__gradient_clip=1.0__hidden_d_9b45238d,3.0994415283203125e-06,0.0886834749224991,-0.0253750664091555,0.0155,-0.0121999999999999,0.0365999999999999,30,-9,0.9138,0.908,0.9338,70,49
bge,62,test_internal,1,0,batch_size=16__dropout=0.1__embedding=bge__gradient_clip=1.0__hidden_d_9b45238d,3.0994415283203125e-06,0.0424904907762119,-0.0183148871206095,0.0168,0.0,0.0292,23,0,0.9125,0.9154,0.9216,63,58
bge,62,test_internal,1,1,batch_size=16__dropout=0.1__embedding=bge__gradient_clip=1.0__hidden_d_9b45238d,3.0994415283203125e-06,0.0869488186802607,-0.0702837610674231,0.038,-0.0257,0.0802,70,-19,0.8913,0.8644,0.9473,110,39
bge,62,test_internal,2,0,batch_size=16__dropout=0.1__embedding=bge__gradient_clip=1.0__hidden_d_9b45238d,3.0994415283203125e-06,0.0358098654830225,0.0032244659621911,0.0036,0.0080999999999999,-0.0009,-1,6,0.9257,0.9455,0.9135,39,64
bge,62,test_internal,2,1,batch_size=16__dropout=0.1__embedding=bge__gradient_clip=1.0__hidden_d_9b45238d,3.0994415283203125e-06,0.045106806923977,-0.011321877298555,0.0008,-0.0080999999999999,0.0084999999999999,7,-6,0.9285,0.9361,0.9297,47,52
bge,62,test_internal,3,0,batch_size=16__dropout=0.1__embedding=bge__gradient_clip=1.0__hidden_d_9b45238d,3.0994415283203125e-06,0.0412656842318879,0.0084479468388871,-0.0029,0.0012999999999999,-0.0064999999999999,-5,1,0.9322,0.9511,0.9203,35,59
bge,62,test_internal,3,1,batch_size=16__dropout=0.1__embedding=bge__gradient_clip=1.0__hidden_d_9b45238d,3.0994415283203125e-06,0.0712195255267668,-0.0079910781666663,0.0016,-0.0149,0.0155999999999999,13,-11,0.9277,0.929,0.9365,53,47
bge,52,test_internal,0,0,batch_size=16__dropout=0.1__embedding=bge__gradient_clip=1.0__hidden_d_c8a7bc9f,3.6954879760742183e-06,0.3629120543409849,0.3476990780111388,0.3841,0.673,0.0058,-22,498,0.5668,0.9495,0.2797,11,533
bge,52,test_internal,0,1,batch_size=16__dropout=0.1__embedding=bge__gradient_clip=1.0__hidden_d_c8a7bc9f,3.6954879760742183e-06,0.0980988513076972,-0.017450342254492,0.0537999999999999,0.0323999999999999,0.0639,50,24,0.8971,0.8914,0.9203,83,59
bge,52,test_internal,1,0,batch_size=16__dropout=0.1__embedding=bge__gradient_clip=1.0__hidden_d_c8a7bc9f,3.6954879760742183e-06,0.2184362592888332,0.2147286606068964,0.2005,0.3932,-0.0164999999999999,-21,291,0.7504,0.9718,0.5595,12,326
bge,52,test_internal,1,1,batch_size=16__dropout=0.1__embedding=bge__gradient_clip=1.0__hidden_d_c8a7bc9f,3.6954879760742183e-06,0.0609880072697863,-0.0540446985764227,0.0311,-0.0202999999999999,0.0664,57,-15,0.9198,0.8889,0.973,90,20
bge,52,test_internal,2,0,batch_size=16__dropout=0.1__embedding=bge__gradient_clip=1.0__hidden_d_c8a7bc9f,3.6954879760742183e-06,0.1454012864078361,0.1384550940322441,0.1002999999999999,0.2054,-0.0097999999999999,-13,152,0.8506,0.9651,0.7473,20,187
bge,52,test_internal,2,1,batch_size=16__dropout=0.1__embedding=bge__gradient_clip=1.0__hidden_d_c8a7bc9f,3.6954879760742183e-06,0.05704575309885,-0.0458565444206457,0.023,-0.0202999999999999,0.0542,46,-15,0.9279,0.9011,0.973,79,20
bge,52,test_internal,3,0,batch_size=16__dropout=0.1__embedding=bge__gradient_clip=1.0__hidden_d_c8a7bc9f,3.6954879760742183e-06,0.0640315638773022,0.0470621485814197,0.0228999999999999,0.0513,-0.0057999999999999,-6,38,0.928,0.9611,0.9014,27,73
bge,52,test_internal,3,1,batch_size=16__dropout=0.1__embedding=bge__gradient_clip=1.0__hidden_d_c8a7bc9f,3.6954879760742183e-06,0.0468307147104051,-0.0126885922230351,0.0051999999999999,-0.0095,0.0171999999999999,14,-7,0.9457,0.9381,0.9622,47,28
bge,52,validation,0,0,batch_size=16__dropout=0.1__embedding=bge__gradient_clip=1.0__hidden_d_c8a7bc9f,7.003545761108398e-07,0.0501418022438023,0.0435407419619343,-0.0881,0.0241,-0.2952,-35,2,0.9834,0.9875,0.9518,1,4
bge,52,validation,0,1,batch_size=16__dropout=0.1__embedding=bge__gradient_clip=1.0__hidden_d_c8a7bc9f,7.003545761108398e-07,0.2879767683394845,-0.2871304525837254,0.3449,0.0,0.5048,315,0,0.5504,0.1875,0.9759,351,2
bge,52,validation,1,0,batch_size=16__dropout=0.1__embedding=bge__gradient_clip=1.0__hidden_d_c8a7bc9f,7.003545761108398e-07,0.030672551968177,0.0306239031476251,-0.0614,0.0,-0.1786999999999999,-24,0,0.9567,0.871,0.9759,12,2
bge,52,validation,1,1,batch_size=16__dropout=0.1__embedding=bge__gradient_clip=1.0__hidden_d_c8a7bc9f,7.003545761108398e-07,0.1614984393264713,-0.1611644661121521,0.1977,0.0,0.367,132,0,0.6976,0.3253,0.9759,168,2
bge,52,validation,2,0,batch_size=16__dropout=0.1__embedding=bge__gradient_clip=1.0__hidden_d_c8a7bc9f,7.003545761108398e-07,0.0228714568296228,0.0218015645414811,-0.0529,0.0,-0.1514999999999999,-21,0,0.9482,0.8438,0.9759,15,2
bge,52,validation,2,1,batch_size=16__dropout=0.1__embedding=bge__gradient_clip=1.0__hidden_d_c8a7bc9f,7.003545761108398e-07,0.0885424795326203,-0.0882418117241285,0.0910999999999999,0.0,0.2014,48,0,0.8042,0.4909,0.9759,84,2
bge,52,validation,3,0,batch_size=16__dropout=0.1__embedding=bge__gradient_clip=1.0__hidden_d_c8a7bc9f,7.003545761108398e-07,0.0139098553802209,0.0014102107932101,0.0,0.0,0.0,0,0,0.8953,0.6923,0.9759,36,2
bge,52,validation,3,1,batch_size=16__dropout=0.1__embedding=bge__gradient_clip=1.0__hidden_d_c8a7bc9f,7.003545761108398e-07,0.0421089311214189,-0.0371873534500808,0.0021999999999999,0.0,0.0059,1,0,0.8931,0.6864,0.9759,37,2
bge,42,validation,0,0,batch_size=16__dropout=0.1__embedding=bge__gradient_clip=1.0__hidden_d_c89c623e,2.4139881134033203e-06,0.177862800173599,-0.1770781741906662,0.1616,0.0,0.3698000000000001,84,0,0.7757,0.4402,0.9759,103,2
bge,42,validation,0,1,batch_size=16__dropout=0.1__embedding=bge__gradient_clip=1.0__hidden_d_c89c623e,2.4139881134033203e-06,0.2997273340415371,-0.2997043111283308,0.3596,-0.0241,0.6025,298,-2,0.5777,0.2075,1.0,317,0
bge,42,validation,1,0,batch_size=16__dropout=0.1__embedding=bge__gradient_clip=1.0__hidden_d_c89c623e,2.4139881134033203e-06,0.0921783666401613,-0.0919839154816269,0.1393999999999999,0.0,0.3307,69,0,0.7979,0.4793,0.9759,88,2
bge,42,validation,1,1,batch_size=16__dropout=0.1__embedding=bge__gradient_clip=1.0__hidden_d_c89c623e,2.4139881134033203e-06,0.0271008669808059,-0.021327560757642,0.0105,0.0,0.0312,4,0,0.9268,0.7788,0.9759,23,2
bge,42,validation,2,0,batch_size=16__dropout=0.1__embedding=bge__gradient_clip=1.0__hidden_d_c89c623e,2.4139881134033203e-06,0.0344956449442822,-0.0343084316980179,0.0442,0.0,0.1236,18,0,0.8931,0.6864,0.9759,37,2
bge,42,validation,2,1,batch_size=16__dropout=0.1__embedding=bge__gradient_clip=1.0__hidden_d_c89c623e,2.4139881134033203e-06,0.0236334399769937,0.0023464110593069,-0.0311,0.0,-0.1000999999999999,-11,0,0.9684,0.9101,0.9759,8,2
bge,42,validation,3,0,batch_size=16__dropout=0.1__embedding=bge__gradient_clip=1.0__hidden_d_c89c623e,2.4139881134033203e-06,0.016202079329987,-0.0115923287513788,0.0105,0.0,0.0312,4,0,0.9268,0.7788,0.9759,23,2
bge,42,validation,3,1,batch_size=16__dropout=0.1__embedding=bge__gradient_clip=1.0__hidden_d_c89c623e,2.4139881134033203e-06,0.0504360098928378,-0.0292328348570775,0.0026,0.0,0.008,1,0,0.9347,0.802,0.9759,20,2
bge,42,test_internal,0,0,batch_size=16__dropout=0.1__embedding=bge__gradient_clip=1.0__hidden_d_c89c623e,3.635883331298828e-06,0.1217354089644797,-0.0555598139635575,0.0829999999999999,0.0364999999999999,0.1007,86,27,0.8649,0.8388,0.9284,132,53
bge,42,test_internal,0,1,batch_size=16__dropout=0.1__embedding=bge__gradient_clip=1.0__hidden_d_c89c623e,3.635883331298828e-06,0.1330764059955589,-0.1203809012169782,0.0939999999999999,-0.0175,0.1405999999999999,137,-13,0.8539,0.7989,0.9824,183,13
bge,42,test_internal,1,0,batch_size=16__dropout=0.1__embedding=bge__gradient_clip=1.0__hidden_d_c89c623e,3.635883331298828e-06,0.0489886054782558,-0.0267357767124077,0.0322,0.0094999999999999,0.0445999999999999,37,7,0.9157,0.8949,0.9554,83,33
bge,42,test_internal,1,1,batch_size=16__dropout=0.1__embedding=bge__gradient_clip=1.0__hidden_d_c89c623e,3.635883331298828e-06,0.0486949623006282,-0.0058651825453308,0.0080999999999999,-0.0012999999999999,0.0144999999999999,12,-1,0.9398,0.925,0.9662,58,25
bge,42,test_internal,2,0,batch_size=16__dropout=0.1__embedding=bge__gradient_clip=1.0__hidden_d_c89c623e,3.635883331298828e-06,0.0362564593248685,-0.0293198776669237,0.014,-0.004,0.0261,22,-3,0.9339,0.9134,0.9689,68,23
bge,42,test_internal,2,1,batch_size=16__dropout=0.1__embedding=bge__gradient_clip=1.0__hidden_d_c89c623e,3.635883331298828e-06,0.1133101244339813,0.0939289882849473,0.0472,0.1217,-0.0263999999999999,-24,90,0.9007,0.9659,0.8432,22,116
bge,42,test_internal,3,0,batch_size=16__dropout=0.1__embedding=bge__gradient_clip=1.0__hidden_d_c89c623e,3.635883331298828e-06,0.0243987302480118,-0.0120270694254247,0.0021999999999999,-0.0027,0.006,5,-2,0.9457,0.9335,0.9676,51,24
bge,42,test_internal,3,1,batch_size=16__dropout=0.1__embedding=bge__gradient_clip=1.0__hidden_d_c89c623e,3.635883331298828e-06,0.1417194571138339,0.0953163116386414,0.0456999999999999,0.1175999999999999,-0.0251,-23,87,0.9022,0.9646,0.8473,23,113
voyage,62,test_internal,0,0,batch_size=32__dropout=0.1__embedding=voyage__gradient_clip=1.0__hidde_2f92f07a,2.9206275939941406e-06,0.0433366573080688,-0.0042069099970805,0.0289,0.0216999999999999,0.032,24,16,0.9263,0.9299,0.9324,52,50
voyage,62,test_internal,0,1,batch_size=32__dropout=0.1__embedding=voyage__gradient_clip=1.0__hidde_2f92f07a,2.9206275939941406e-06,0.0428993174702384,0.0322335533231577,0.0143,0.0351999999999999,-0.0068,-6,26,0.9409,0.9687,0.9189,22,60
voyage,62,test_internal,0,2,batch_size=32__dropout=0.1__embedding=voyage__gradient_clip=1.0__hidde_2f92f07a,2.9206275939941406e-06,0.1299827941770417,-0.0706655624044536,0.0873,0.0256999999999999,0.119,100,19,0.8679,0.8429,0.9284,128,53
voyage,62,test_internal,0,3,batch_size=32__dropout=0.1__embedding=voyage__gradient_clip=1.0__hidde_2f92f07a,2.9206275939941406e-06,0.0379725949661203,0.0333485840843226,0.0107,0.0324999999999999,-0.011,-9,24,0.9445,0.9729,0.9216,19,58
voyage,62,test_internal,0,4,batch_size=32__dropout=0.1__embedding=voyage__gradient_clip=1.0__hidde_2f92f07a,2.9206275939941406e-06,0.0397312928902373,-0.0323981134931175,0.0139,-0.0094,0.0322999999999999,26,-7,0.9413,0.9296,0.9635,54,27
voyage,62,test_internal,0,5,batch_size=32__dropout=0.1__embedding=voyage__gradient_clip=1.0__hidde_2f92f07a,2.9206275939941406e-06,0.082352016038737,0.0749662531988708,0.0437,0.0945999999999999,-0.0090999999999999,-9,70,0.9115,0.971,0.8595,19,104
voyage,62,test_internal,0,6,batch_size=32__dropout=0.1__embedding=voyage__gradient_clip=1.0__hidde_2f92f07a,2.9206275939941406e-06,0.1153515124415456,-0.0933784493416038,0.0681,-0.0108,0.1139,100,-8,0.8871,0.848,0.9649,128,26
voyage,62,test_internal,0,7,batch_size=32__dropout=0.1__embedding=voyage__gradient_clip=1.0__hidde_2f92f07a,2.9206275939941406e-06,0.0537874988213235,-0.0422333711255743,0.0184,-0.0148,0.0437999999999999,36,-11,0.9368,0.9181,0.9689,64,23
voyage,62,test_internal,1,0,batch_size=32__dropout=0.1__embedding=voyage__gradient_clip=1.0__hidde_2f92f07a,2.9206275939941406e-06,0.0150470973116432,0.0058142738714948,0.0064,0.0135999999999999,-0.0008,-1,10,0.9488,0.9627,0.9405,27,44
voyage,62,test_internal,1,1,batch_size=32__dropout=0.1__embedding=voyage__gradient_clip=1.0__hidde_2f92f07a,2.9206275939941406e-06,0.011300071728543,0.0019143907899345,0.0021000000000001,0.0054999999999999,-0.0010999999999999,-1,4,0.9531,0.963,0.9486,27,38
voyage,62,test_internal,1,2,batch_size=32__dropout=0.1__embedding=voyage__gradient_clip=1.0__hidde_2f92f07a,2.9206275939941406e-06,0.0410404803288309,-0.0303632278226503,0.0168,-0.0054,0.0337999999999999,27,-4,0.9384,0.9281,0.9595,55,30
voyage,62,test_internal,1,3,batch_size=32__dropout=0.1__embedding=voyage__gradient_clip=1.0__hidde_2f92f07a,2.9206275939941406e-06,0.0109847169506812,0.0011610890246204,0.0014,0.0013999999999999,0.0013999999999999,1,1,0.9538,0.9605,0.9527,29,35
voyage,62,test_internal,1,4,batch_size=32__dropout=0.1__embedding=voyage__gradient_clip=1.0__hidde_2f92f07a,2.9206275939941406e-06,0.007678346630025,-0.0067731534452479,0.0007,-0.004,0.0050999999999999,4,-3,0.9545,0.9568,0.9581,32,31
voyage,62,test_internal,1,5,batch_size=32__dropout=0.1__embedding=voyage__gradient_clip=1.0__hidde_2f92f07a,2.9206275939941406e-06,0.0387500308799095,0.0378116359589152,0.0135,0.0391999999999999,-0.0121999999999999,-10,29,0.9417,0.9741,0.9149,18,63
voyage,62,test_internal,1,6,batch_size=32__dropout=0.1__embedding=voyage__gradient_clip=1.0__hidde_2f92f07a,2.9206275939941406e-06,0.0233365814154632,0.0224053589881752,0.0114,0.0324999999999999,-0.0096,-8,24,0.9438,0.9715,0.9216,20,58
voyage,62,test_internal,1,7,batch_size=32__dropout=0.1__embedding=voyage__gradient_clip=1.0__hidde_2f92f07a,2.9206275939941406e-06,0.0409406564818199,-0.0352706198382908,0.0125,-0.0135,0.0332,27,-10,0.9427,0.9287,0.9676,55,24
voyage,62,test_internal,2,0,batch_size=32__dropout=0.1__embedding=voyage__gradient_clip=1.0__hidde_2f92f07a,2.9206275939941406e-06,0.0078627556090062,-0.0015893405889623,0.0,-0.0027,0.0025999999999999,2,-2,0.9552,0.9593,0.9568,30,32
voyage,62,test_internal,2,1,batch_size=32__dropout=0.1__embedding=voyage__gradient_clip=1.0__hidde_2f92f07a,2.9206275939941406e-06,0.0102167197268643,0.0043836152382034,0.0007,0.0013999999999999,9.9999999999989e-05,0,1,0.9545,0.9618,0.9527,28,35
voyage,62,test_internal,2,2,batch_size=32__dropout=0.1__embedding=voyage__gradient_clip=1.0__hidde_2f92f07a,2.9206275939941406e-06,0.0158055000419212,-0.0124261935553077,0.0015,-0.0067,0.0088,7,-5,0.9537,0.9531,0.9608,35,29
voyage,62,test_internal,2,3,batch_size=32__dropout=0.1__embedding=voyage__gradient_clip=1.0__hidde_2f92f07a,2.9206275939941406e-06,0.0152805773303475,-0.0093886261139225,0.0036,-0.0013,0.0078,6,-1,0.9516,0.9541,0.9554,34,33
voyage,62,test_internal,2,4,batch_size=32__dropout=0.1__embedding=voyage__gradient_clip=1.0__hidde_2f92f07a,2.9206275939941406e-06,0.0064533033987788,0.0019260427978211,0.0028,0.0040999999999999,0.0014999999999999,1,3,0.9524,0.9604,0.95,29,37
voyage,62,test_internal,2,5,batch_size=32__dropout=0.1__embedding=voyage__gradient_clip=1.0__hidde_2f92f07a,2.9206275939941406e-06,0.0262096893189729,0.0235175716563416,0.0121,0.0297999999999999,-0.0056,-5,22,0.9431,0.9675,0.9243,23,56
voyage,62,test_internal,2,6,batch_size=32__dropout=0.1__embedding=voyage__gradient_clip=1.0__hidde_2f92f07a,2.9206275939941406e-06,0.0160924861294706,0.013315597187942,0.0070999999999999,0.0189999999999999,-0.0046,-4,14,0.9481,0.9665,0.9351,24,48
voyage,62,test_internal,2,7,batch_size=32__dropout=0.1__embedding=voyage__gradient_clip=1.0__hidde_2f92f07a,2.9206275939941406e-06,0.0093494095246595,0.0020913656489427,0.0014,0.0040999999999999,-0.0010999999999999,-1,3,0.9538,0.963,0.95,27,37
voyage,62,test_internal,3,0,batch_size=32__dropout=0.1__embedding=voyage__gradient_clip=1.0__hidde_2f92f07a,2.9206275939941406e-06,0.0099996015831506,-0.0007268973043282,-0.0014999999999999,-0.004,0.0011999999999999,1,-3,0.9567,0.9607,0.9581,29,31
voyage,62,test_internal,3,1,batch_size=32__dropout=0.1__embedding=voyage__gradient_clip=1.0__hidde_2f92f07a,2.9206275939941406e-06,0.0103542450152123,0.0046781601176577,0.0036,0.0054999999999999,0.0015999999999999,1,4,0.9516,0.9603,0.9486,29,38
voyage,62,test_internal,3,2,batch_size=32__dropout=0.1__embedding=voyage__gradient_clip=1.0__hidde_2f92f07a,2.9206275939941406e-06,0.006954328953657,-0.0023801129840635,-0.0021999999999999,-0.0027,-0.0014,-1,-2,0.9574,0.9633,0.9568,27,32
voyage,62,test_internal,3,3,batch_size=32__dropout=0.1__embedding=voyage__gradient_clip=1.0__hidde_2f92f07a,2.9206275939941406e-06,0.0076811077019615,-0.0005499763173057,0.0,0.0026999999999999,-0.0025,-2,2,0.9552,0.9644,0.9514,26,36
voyage,62,test_internal,3,4,batch_size=32__dropout=0.1__embedding=voyage__gradient_clip=1.0__hidde_2f92f07a,2.9206275939941406e-06,0.0092858832882275,0.0013818811447687,0.0007,0.0,0.0013999999999999,1,0,0.9545,0.9605,0.9541,29,34
voyage,62,test_internal,3,5,batch_size=32__dropout=0.1__embedding=voyage__gradient_clip=1.0__hidde_2f92f07a,2.9206275939941406e-06,0.0114020069511674,0.0047170053497492,0.0021000000000001,0.0040999999999999,0.0001999999999999,0,3,0.9531,0.9617,0.95,28,37
voyage,62,test_internal,3,6,batch_size=32__dropout=0.1__embedding=voyage__gradient_clip=1.0__hidde_2f92f07a,2.9206275939941406e-06,0.0126633373819452,0.0054317211745668,0.0035,0.0081999999999999,-0.001,-1,6,0.9517,0.9629,0.9459,27,40
voyage,62,test_internal,3,7,batch_size=32__dropout=0.1__embedding=voyage__gradient_clip=1.0__hidde_2f92f07a,2.9206275939941406e-06,0.0063307291456236,-0.0023820951832257,-0.0006999999999999,-0.0027,0.0011999999999999,1,-2,0.9559,0.9607,0.9568,29,32
voyage,62,validation,0,0,batch_size=32__dropout=0.1__embedding=voyage__gradient_clip=1.0__hidde_2f92f07a,2.86102294921875e-06,0.1064199551265766,-0.1063452269194006,0.143,-0.012,0.3192,79,-1,0.7729,0.4355,0.9759,105,2
voyage,62,validation,0,1,batch_size=32__dropout=0.1__embedding=voyage__gradient_clip=1.0__hidde_2f92f07a,2.86102294921875e-06,0.012564354971316,0.0063939786555687,-0.0322999999999999,-0.012,-0.0890999999999999,-11,-1,0.9482,0.8438,0.9759,15,2
voyage,62,validation,0,2,batch_size=32__dropout=0.1__embedding=voyage__gradient_clip=1.0__hidde_2f92f07a,2.86102294921875e-06,0.2624493117193973,-0.2620541838308175,0.3308000000000001,-0.012,0.5427000000000001,275,-1,0.5851,0.212,0.9759,301,2
voyage,62,validation,0,3,batch_size=32__dropout=0.1__embedding=voyage__gradient_clip=1.0__hidde_2f92f07a,2.86102294921875e-06,0.0158984369434079,0.0124223275791203,0.023,0.1566999999999999,-0.0428999999999999,-9,13,0.8929,0.7976,0.8072,17,16
voyage,62,validation,0,4,batch_size=32__dropout=0.1__embedding=voyage__gradient_clip=1.0__hidde_2f92f07a,2.86102294921875e-06,0.0233406998197327,-0.0218562355195365,0.0238,0.0,0.065,10,0,0.8921,0.6897,0.9639,36,3
voyage,62,validation,0,5,batch_size=32__dropout=0.1__embedding=voyage__gradient_clip=1.0__hidde_2f92f07a,2.86102294921875e-06,0.0107283552473072,0.0080727967760411,-0.0262,0.0,-0.0786,-10,0,0.9421,0.8333,0.9639,16,3
voyage,62,validation,0,6,batch_size=32__dropout=0.1__embedding=voyage__gradient_clip=1.0__hidde_2f92f07a,2.86102294921875e-06,0.1577320846222471,-0.1575551216119929,0.1707,-0.012,0.3634,100,-1,0.7452,0.3913,0.9759,126,2
voyage,62,validation,0,7,batch_size=32__dropout=0.1__embedding=voyage__gradient_clip=1.0__hidde_2f92f07a,2.86102294921875e-06,0.0251517908244341,-0.0251517908244341,0.0206,-0.012,0.0624,10,-1,0.8953,0.6923,0.9759,36,2
voyage,62,validation,1,0,batch_size=32__dropout=0.1__embedding=voyage__gradient_clip=1.0__hidde_2f92f07a,2.86102294921875e-06,0.0114955623713274,-0.0114955623713274,0.0183,-0.012,0.0564,9,-1,0.8976,0.6983,0.9759,35,2
voyage,62,validation,1,1,batch_size=32__dropout=0.1__embedding=voyage__gradient_clip=1.0__hidde_2f92f07a,2.86102294921875e-06,0.0068056605728764,0.0043791992003347,-0.0094999999999999,0.0121,-0.0353,-5,1,0.9254,0.79,0.9518,21,4
voyage,62,validation,1,2,batch_size=32__dropout=0.1__embedding=voyage__gradient_clip=1.0__hidde_2f92f07a,2.86102294921875e-06,0.0311028881687309,-0.0310055185483453,0.0251,-0.012,0.074,12,-1,0.8908,0.6807,0.9759,38,2
voyage,62,validation,1,3,batch_size=32__dropout=0.1__embedding=voyage__gradient_clip=1.0__hidde_2f92f07a,2.86102294921875e-06,0.0113763070793431,-0.0038408612460929,0.0215,0.0,0.059,9,0,0.8944,0.6957,0.9639,35,3
voyage,62,validation,1,4,batch_size=32__dropout=0.1__embedding=voyage__gradient_clip=1.0__hidde_2f92f07a,2.86102294921875e-06,0.0064884271255125,-0.0025848617561381,0.0191999999999999,0.0,0.0529,8,0,0.8967,0.7018,0.9639,34,3
voyage,62,validation,1,5,batch_size=32__dropout=0.1__embedding=voyage__gradient_clip=1.0__hidde_2f92f07a,2.86102294921875e-06,0.0084804781851903,0.0074831804777439,-0.0262,0.0,-0.0786,-10,0,0.9421,0.8333,0.9639,16,3
voyage,62,validation,1,6,batch_size=32__dropout=0.1__embedding=voyage__gradient_clip=1.0__hidde_2f92f07a,2.86102294921875e-06,0.0048843774981521,0.0028060000249643,-0.0050999999999999,0.0,-0.0144999999999999,-2,0,0.921,0.7692,0.9639,24,3
voyage,62,validation,1,7,batch_size=32__dropout=0.1__embedding=voyage__gradient_clip=1.0__hidde_2f92f07a,2.86102294921875e-06,0.019033807451086,-0.019033807451086,0.0206,-0.012,0.0624,10,-1,0.8953,0.6923,0.9759,36,2
voyage,62,validation,2,0,batch_size=32__dropout=0.1__embedding=voyage__gradient_clip=1.0__hidde_2f92f07a,2.86102294921875e-06,0.0040141396157422,-0.0038983589966995,0.0089,-0.012,0.0315,5,-1,0.907,0.7232,0.9759,31,2
voyage,62,validation,2,1,batch_size=32__dropout=0.1__embedding=voyage__gradient_clip=1.0__hidde_2f92f07a,2.86102294921875e-06,0.0075792300520036,0.0061930168410616,-0.0121,0.0121,-0.0433,-6,1,0.928,0.798,0.9518,20,4
voyage,62,validation,2,2,batch_size=32__dropout=0.1__embedding=voyage__gradient_clip=1.0__hidde_2f92f07a,2.86102294921875e-06,0.0068086407492186,-0.0067685716437211,0.0136,-0.012,0.0442,7,-1,0.9023,0.7105,0.9759,33,2
voyage,62,validation,2,3,batch_size=32__dropout=0.1__embedding=voyage__gradient_clip=1.0__hidde_2f92f07a,2.86102294921875e-06,0.0078923584091875,-0.0075529991474522,0.0183,-0.012,0.0564,9,-1,0.8976,0.6983,0.9759,35,2
voyage,62,validation,2,4,batch_size=32__dropout=0.1__embedding=voyage__gradient_clip=1.0__hidde_2f92f07a,2.86102294921875e-06,0.0038961467504267,0.0008013305277499,0.0,0.0,0.0,0,0,0.9159,0.7547,0.9639,26,3
voyage,62,validation,2,5,batch_size=32__dropout=0.1__embedding=voyage__gradient_clip=1.0__hidde_2f92f07a,2.86102294921875e-06,0.0048610352462162,0.0031419492314637,-0.0154999999999999,0.0,-0.0453,-6,0,0.9314,0.8,0.9639,20,3
voyage,62,validation,2,6,batch_size=32__dropout=0.1__embedding=voyage__gradient_clip=1.0__hidde_2f92f07a,2.86102294921875e-06,0.0048638327784203,0.0004557072467042,0.0049,0.0,0.014,2,0,0.911,0.7407,0.9639,28,3
voyage,62,validation,2,7,batch_size=32__dropout=0.1__embedding=voyage__gradient_clip=1.0__hidde_2f92f07a,2.86102294921875e-06,0.001523600946269,-0.0006538765248692,-0.0057999999999999,-0.012,-0.0094999999999999,-1,-1,0.9217,0.7642,0.9759,25,2
voyage,62,validation,3,0,batch_size=32__dropout=0.1__embedding=voyage__gradient_clip=1.0__hidde_2f92f07a,2.86102294921875e-06,0.0051118854458236,-0.0049742425255312,0.0089,-0.012,0.0315,5,-1,0.907,0.7232,0.9759,31,2
voyage,62,validation,3,1,batch_size=32__dropout=0.1__embedding=voyage__gradient_clip=1.0__hidde_2f92f07a,2.86102294921875e-06,0.0056603037634398,0.0002637067775303,0.0,0.0,0.0,0,0,0.9159,0.7547,0.9639,26,3
voyage,62,validation,3,2,batch_size=32__dropout=0.1__embedding=voyage__gradient_clip=1.0__hidde_2f92f07a,2.86102294921875e-06,0.0028945679100452,-0.0022203402016707,-0.0032999999999999,-0.012,-0.0022999999999999,0,-1,0.9192,0.757,0.9759,26,2
voyage,62,validation,3,3,batch_size=32__dropout=0.1__embedding=voyage__gradient_clip=1.0__hidde_2f92f07a,2.86102294921875e-06,0.0034428560540479,-0.0034191241661569,0.0016,-0.012,0.0116,2,-1,0.9143,0.7431,0.9759,28,2
voyage,62,validation,3,4,batch_size=32__dropout=0.1__embedding=voyage__gradient_clip=1.0__hidde_2f92f07a,2.86102294921875e-06,0.004994035819296,-0.0032046798368123,0.0121,0.0,0.034,5,0,0.9038,0.7207,0.9639,31,3
voyage,62,validation,3,5,batch_size=32__dropout=0.1__embedding=voyage__gradient_clip=1.0__hidde_2f92f07a,2.86102294921875e-06,0.0037337334578063,-0.0029036712493929,-0.0007999999999999,-0.012,0.0047,1,-1,0.9167,0.75,0.9759,27,2
voyage,62,validation,3,6,batch_size=32__dropout=0.1__embedding=voyage__gradient_clip=1.0__hidde_2f92f07a,2.86102294921875e-06,0.0042250367399177,-0.0034115205167183,0.0121,0.0,0.034,5,0,0.9038,0.7207,0.9639,31,3
voyage,62,validation,3,7,batch_size=32__dropout=0.1__embedding=voyage__gradient_clip=1.0__hidde_2f92f07a,2.86102294921875e-06,0.0039893543534324,-0.0001961564776743,0.0,0.0,0.0,0,0,0.9159,0.7547,0.9639,26,3
voyage,52,validation,0,0,batch_size=32__dropout=0.1__embedding=voyage__gradient_clip=1.0__hidde_a6e88bf0,3.2186508178710938e-06,0.1197187279945279,-0.1197152207317458,0.0800999999999999,-0.0241,0.181,46,-2,0.8085,0.494,1.0,85,0
voyage,52,validation,0,1,batch_size=32__dropout=0.1__embedding=voyage__gradient_clip=1.0__hidde_a6e88bf0,3.2186508178710938e-06,0.1700927021380923,-0.1700927021380923,0.0939999999999999,-0.0241,0.2061,55,-2,0.7946,0.4689,1.0,94,0
voyage,52,validation,0,2,batch_size=32__dropout=0.1__embedding=voyage__gradient_clip=1.0__hidde_a6e88bf0,3.2186508178710938e-06,0.1229198384541581,-0.1220637689484756,0.0921999999999999,0.0,0.1985,50,0,0.7964,0.4765,0.9759,89,2
voyage,52,validation,0,3,batch_size=32__dropout=0.1__embedding=voyage__gradient_clip=1.0__hidde_a6e88bf0,3.2186508178710938e-06,0.0412754960666003,-0.039949155238905,0.0002999999999999,-0.0241,0.011,3,-2,0.8883,0.664,1.0,42,0
voyage,52,validation,0,4,batch_size=32__dropout=0.1__embedding=voyage__gradient_clip=1.0__hidde_a6e88bf0,3.2186508178710938e-06,0.022077578064037,0.0220736470176655,-0.009,0.0,-0.0232999999999999,-4,0,0.8976,0.6983,0.9759,35,2
voyage,52,validation,0,5,batch_size=32__dropout=0.1__embedding=voyage__gradient_clip=1.0__hidde_a6e88bf0,3.2186508178710938e-06,0.2423281743580738,-0.2422630047969114,0.3141999999999999,0.0,0.4710000000000001,277,0,0.5744,0.204,0.9759,316,2
voyage,52,validation,0,6,batch_size=32__dropout=0.1__embedding=voyage__gradient_clip=1.0__hidde_a6e88bf0,3.2186508178710938e-06,0.1790331615477332,-0.1789660111640684,0.1654,-0.0241,0.3172,110,-2,0.7232,0.3578,1.0,149,0
voyage,52,validation,0,7,batch_size=32__dropout=0.1__embedding=voyage__gradient_clip=1.0__hidde_a6e88bf0,3.2186508178710938e-06,0.0736231076155315,-0.0725483480971633,0.0859999999999999,0.0,0.187,46,0,0.8026,0.488,0.9759,85,2
voyage,52,validation,1,0,batch_size=32__dropout=0.1__embedding=voyage__gradient_clip=1.0__hidde_a6e88bf0,3.2186508178710938e-06,0.0048576020063799,-0.0040137057277758,0.0,0.0,0.0,0,0,0.8886,0.675,0.9759,39,2
voyage,52,validation,1,1,batch_size=32__dropout=0.1__embedding=voyage__gradient_clip=1.0__hidde_a6e88bf0,3.2186508178710938e-06,0.0128456883670784,-0.0128433555854778,0.0171999999999999,-0.0241,0.0509,11,-2,0.8714,0.6241,1.0,50,0
voyage,52,validation,1,2,batch_size=32__dropout=0.1__embedding=voyage__gradient_clip=1.0__hidde_a6e88bf0,3.2186508178710938e-06,0.0298102342507295,-0.0295583943157892,0.0827999999999999,0.0,0.1811,44,0,0.8058,0.4939,0.9759,83,2
voyage,52,validation,1,3,batch_size=32__dropout=0.1__embedding=voyage__gradient_clip=1.0__hidde_a6e88bf0,3.2186508178710938e-06,0.0091154581720107,-0.0077036683897411,-0.0063,-0.0241,-0.0052999999999999,0,-2,0.8949,0.6803,1.0,39,0
voyage,52,validation,1,4,batch_size=32__dropout=0.1__embedding=voyage__gradient_clip=1.0__hidde_a6e88bf0,3.2186508178710938e-06,0.0020674041327044,0.0003967569884693,-0.0022,0.0,-0.0056999999999999,-1,0,0.8908,0.6807,0.9759,38,2
voyage,52,validation,1,5,batch_size=32__dropout=0.1__embedding=voyage__gradient_clip=1.0__hidde_a6e88bf0,3.2186508178710938e-06,0.0273684539126158,-0.0272509018853581,0.0686999999999999,-0.0241,0.1595000000000001,39,-2,0.8199,0.5155,1.0,78,0
voyage,52,validation,1,6,batch_size=32__dropout=0.1__embedding=voyage__gradient_clip=1.0__hidde_a6e88bf0,3.2186508178710938e-06,0.0414492471138443,-0.0414459263770011,0.0859999999999999,0.0,0.187,46,0,0.8026,0.488,0.9759,85,2
voyage,52,validation,1,7,batch_size=32__dropout=0.1__embedding=voyage__gradient_clip=1.0__hidde_a6e88bf0,3.2186508178710938e-06,0.006999544552523,0.0068576928023472,-0.0067,0.0,-0.0172999999999999,-3,0,0.8953,0.6923,0.9759,36,2
voyage,52,validation,2,0,batch_size=32__dropout=0.1__embedding=voyage__gradient_clip=1.0__hidde_a6e88bf0,3.2186508178710938e-06,0.004813488262395,0.0039876087861942,-0.0067,0.0,-0.0172999999999999,-3,0,0.8953,0.6923,0.9759,36,2
voyage,52,validation,2,1,batch_size=32__dropout=0.1__embedding=voyage__gradient_clip=1.0__hidde_a6e88bf0,3.2186508178710938e-06,0.0035690950833446,-0.00293239881822,0.0,0.0,0.0,0,0,0.8886,0.675,0.9759,39,2
voyage,52,validation,2,2,batch_size=32__dropout=0.1__embedding=voyage__gradient_clip=1.0__hidde_a6e88bf0,3.2186508178710938e-06,0.0058328938779669,-0.0054600775948728,0.0043999999999999,0.0,0.0110999999999999,2,0,0.8842,0.6639,0.9759,41,2
voyage,52,validation,2,3,batch_size=32__dropout=0.1__embedding=voyage__gradient_clip=1.0__hidde_a6e88bf0,3.2186508178710938e-06,0.0080544104084152,-0.0067249673873612,0.0,0.0,0.0,0,0,0.8886,0.675,0.9759,39,2
voyage,52,validation,2,4,batch_size=32__dropout=0.1__embedding=voyage__gradient_clip=1.0__hidde_a6e88bf0,3.2186508178710938e-06,0.0088838477767763,-0.0082073150252508,0.0129999999999999,0.0,0.0321,6,0,0.8756,0.6429,0.9759,45,2
voyage,52,validation,2,5,batch_size=32__dropout=0.1__embedding=voyage__gradient_clip=1.0__hidde_a6e88bf0,3.2186508178710938e-06,0.0030259789696044,-0.0018230945513422,0.0,0.0,0.0,0,0,0.8886,0.675,0.9759,39,2
voyage,52,validation,2,6,batch_size=32__dropout=0.1__embedding=voyage__gradient_clip=1.0__hidde_a6e88bf0,3.2186508178710938e-06,0.0081552812151975,-0.0080769031780702,0.0151999999999999,0.0,0.0372,7,0,0.8734,0.6378,0.9759,46,2
voyage,52,validation,2,7,batch_size=32__dropout=0.1__embedding=voyage__gradient_clip=1.0__hidde_a6e88bf0,3.2186508178710938e-06,0.0049270843521159,-0.0035369628670583,0.0,0.0,0.0,0,0,0.8886,0.675,0.9759,39,2
voyage,52,validation,3,0,batch_size=32__dropout=0.1__embedding=voyage__gradient_clip=1.0__hidde_a6e88bf0,3.2186508178710938e-06,0.005366275264148,-0.0033286669268337,0.0,0.0,0.0,0,0,0.8886,0.675,0.9759,39,2
voyage,52,validation,3,1,batch_size=32__dropout=0.1__embedding=voyage__gradient_clip=1.0__hidde_a6e88bf0,3.2186508178710938e-06,0.004584083665551,-0.0033748490686011,0.0,0.0,0.0,0,0,0.8886,0.675,0.9759,39,2
voyage,52,validation,3,2,batch_size=32__dropout=0.1__embedding=voyage__gradient_clip=1.0__hidde_a6e88bf0,3.2186508178710938e-06,0.0031534925512522,-0.0022444326691983,0.0,0.0,0.0,0,0,0.8886,0.675,0.9759,39,2
voyage,52,validation,3,3,batch_size=32__dropout=0.1__embedding=voyage__gradient_clip=1.0__hidde_a6e88bf0,3.2186508178710938e-06,0.0090603684543847,-0.0073691999792557,0.0,0.0,0.0,0,0,0.8886,0.675,0.9759,39,2
voyage,52,validation,3,4,batch_size=32__dropout=0.1__embedding=voyage__gradient_clip=1.0__hidde_a6e88bf0,3.2186508178710938e-06,0.0057476416655015,-0.0045028591445979,0.0,0.0,0.0,0,0,0.8886,0.675,0.9759,39,2
voyage,52,validation,3,5,batch_size=32__dropout=0.1__embedding=voyage__gradient_clip=1.0__hidde_a6e88bf0,3.2186508178710938e-06,0.0053462197020347,-0.0035797646166008,0.0,0.0,0.0,0,0,0.8886,0.675,0.9759,39,2
voyage,52,validation,3,6,batch_size=32__dropout=0.1__embedding=voyage__gradient_clip=1.0__hidde_a6e88bf0,3.2186508178710938e-06,0.0038363218439926,-0.0033818888774662,0.0,0.0,0.0,0,0,0.8886,0.675,0.9759,39,2
voyage,52,validation,3,7,batch_size=32__dropout=0.1__embedding=voyage__gradient_clip=1.0__hidde_a6e88bf0,3.2186508178710938e-06,0.0088521708035196,-0.0072404244993766,0.0,0.0,0.0,0,0,0.8886,0.675,0.9759,39,2
voyage,52,test_internal,0,0,batch_size=32__dropout=0.1__embedding=voyage__gradient_clip=1.0__hidde_a6e88bf0,2.2351741790771484e-06,0.1139492207474792,-0.1060895601160181,0.0799,-0.0149,0.1228,117,-11,0.8644,0.814,0.9757,165,18
voyage,52,test_internal,0,1,batch_size=32__dropout=0.1__embedding=voyage__gradient_clip=1.0__hidde_a6e88bf0,2.2351741790771484e-06,0.1927436396513107,-0.1901588816577635,0.1714,-0.0257,0.2168999999999999,236,-19,0.7729,0.7199,0.9865,284,10
voyage,52,test_internal,0,2,batch_size=32__dropout=0.1__embedding=voyage__gradient_clip=1.0__hidde_a6e88bf0,2.2351741790771484e-06,0.0855709235894111,-0.0565258389626957,0.0459,-0.0040999999999999,0.0734,65,-3,0.8984,0.8634,0.9649,113,26
voyage,52,test_internal,0,3,batch_size=32__dropout=0.1__embedding=voyage__gradient_clip=1.0__hidde_a6e88bf0,2.2351741790771484e-06,0.1401006521067495,-0.1333826845484993,0.0985,-0.0242999999999999,0.1477999999999999,147,-18,0.8458,0.789,0.9851,195,11
voyage,52,test_internal,0,4,batch_size=32__dropout=0.1__embedding=voyage__gradient_clip=1.0__hidde_a6e88bf0,2.2351741790771484e-06,0.2607643865055585,0.2413718865882846,0.2248,0.4527,-0.0322999999999999,-36,335,0.7195,0.9691,0.5081,12,364
voyage,52,test_internal,0,5,batch_size=32__dropout=0.1__embedding=voyage__gradient_clip=1.0__hidde_a6e88bf0,2.2351741790771484e-06,0.0733999403990912,-0.0565444111884337,0.0408,-0.0080999999999999,0.0687999999999999,61,-6,0.9035,0.868,0.9689,109,23
voyage,52,test_internal,0,6,batch_size=32__dropout=0.1__embedding=voyage__gradient_clip=1.0__hidde_a6e88bf0,2.2351741790771484e-06,0.1357745229755695,-0.1337986248418045,0.0998,-0.0202999999999999,0.1476999999999999,146,-15,0.8445,0.7891,0.9811,194,14
voyage,52,test_internal,0,7,batch_size=32__dropout=0.1__embedding=voyage__gradient_clip=1.0__hidde_a6e88bf0,2.2351741790771484e-06,0.0921206839369248,-0.0691925798951507,0.0595999999999999,-0.0053999999999999,0.0926,84,-4,0.8847,0.8442,0.9662,132,25
voyage,52,test_internal,1,0,batch_size=32__dropout=0.1__embedding=voyage__gradient_clip=1.0__hidde_a6e88bf0,2.2351741790771484e-06,0.014913879024709,5.142011431802949e-05,0.0008,-0.0014,0.0023999999999999,2,-1,0.9435,0.9344,0.9622,50,28
voyage,52,test_internal,1,1,batch_size=32__dropout=0.1__embedding=voyage__gradient_clip=1.0__hidde_a6e88bf0,2.2351741790771484e-06,0.0380799590335261,-0.0368153696089125,0.0141999999999999,-0.0149,0.0343,30,-11,0.9301,0.9025,0.9757,78,18
voyage,52,test_internal,1,2,batch_size=32__dropout=0.1__embedding=voyage__gradient_clip=1.0__hidde_a6e88bf0,2.2351741790771484e-06,0.031530314428638,-0.0206528556881566,0.0081999999999999,-0.0068,0.0188999999999999,16,-5,0.9361,0.9179,0.9676,64,24
voyage,52,test_internal,1,3,batch_size=32__dropout=0.1__embedding=voyage__gradient_clip=1.0__hidde_a6e88bf0,2.2351741790771484e-06,0.0406372166406229,-0.0349322649469371,0.0157,-0.0149,0.0365999999999999,32,-11,0.9286,0.9002,0.9757,80,18
voyage,52,test_internal,1,4,batch_size=32__dropout=0.1__embedding=voyage__gradient_clip=1.0__hidde_a6e88bf0,2.2351741790771484e-06,0.0661888533600157,0.0603674601187272,0.0141,0.0635,-0.0325,-27,47,0.9302,0.9693,0.8973,21,76
voyage,52,test_internal,1,5,batch_size=32__dropout=0.1__embedding=voyage__gradient_clip=1.0__hidde_a6e88bf0,2.2351741790771484e-06,0.0485523972358795,-0.0468585535984405,0.0238,-0.0121999999999999,0.0467999999999999,41,-9,0.9205,0.89,0.973,89,20
voyage,52,test_internal,1,6,batch_size=32__dropout=0.1__embedding=voyage__gradient_clip=1.0__hidde_a6e88bf0,2.2351741790771484e-06,0.0354161523919043,-0.0322556467787128,0.017,-0.0095,0.0347999999999999,30,-7,0.9273,0.902,0.9703,78,22
voyage,52,test_internal,1,7,batch_size=32__dropout=0.1__embedding=voyage__gradient_clip=1.0__hidde_a6e88bf0,2.2351741790771484e-06,0.0501972341695599,0.0482541701119902,0.0112999999999999,0.0473,-0.0221,-19,35,0.933,0.9589,0.9135,29,64
voyage,52,test_internal,2,0,batch_size=32__dropout=0.1__embedding=voyage__gradient_clip=1.0__hidde_a6e88bf0,2.2351741790771484e-06,0.0177731335210017,0.0169578840386578,-0.0014999999999999,0.0108,-0.0119,-10,8,0.9458,0.9487,0.95,38,37
voyage,52,test_internal,2,1,batch_size=32__dropout=0.1__embedding=voyage__gradient_clip=1.0__hidde_a6e88bf0,2.2351741790771484e-06,0.018824088996906,-0.016418701019004,0.0045,-0.0095,0.0151,13,-7,0.9398,0.9217,0.9703,61,22
voyage,52,test_internal,2,2,batch_size=32__dropout=0.1__embedding=voyage__gradient_clip=1.0__hidde_a6e88bf0,2.2351741790771484e-06,0.0102447570562898,-0.0074579427769179,9.9999999999989e-05,-0.0053999999999999,0.0045999999999999,4,-4,0.9442,0.9322,0.9662,52,25
voyage,52,test_internal,2,3,batch_size=32__dropout=0.1__embedding=voyage__gradient_clip=1.0__hidde_a6e88bf0,2.2351741790771484e-06,0.0179714938471589,-0.0144819801411986,0.0024,-0.0121999999999999,0.0136999999999999,12,-9,0.9419,0.9231,0.973,60,20
voyage,52,test_internal,2,4,batch_size=32__dropout=0.1__embedding=voyage__gradient_clip=1.0__hidde_a6e88bf0,2.2351741790771484e-06,0.0175941907284821,-0.0033891473139683,9.9999999999989e-05,-0.0053999999999999,0.0045999999999999,4,-4,0.9442,0.9322,0.9662,52,25
voyage,52,test_internal,2,5,batch_size=32__dropout=0.1__embedding=voyage__gradient_clip=1.0__hidde_a6e88bf0,2.2351741790771484e-06,0.0147631668525902,0.0135078435314805,-0.0008,0.0108,-0.0106,-9,8,0.9451,0.9474,0.95,39,37
voyage,52,test_internal,2,6,batch_size=32__dropout=0.1__embedding=voyage__gradient_clip=1.0__hidde_a6e88bf0,2.2351741790771484e-06,0.011426198838292,-0.00628205083458,0.0023,-0.0040999999999999,0.0070999999999999,6,-3,0.942,0.9297,0.9649,54,26
voyage,52,test_internal,2,7,batch_size=32__dropout=0.1__embedding=voyage__gradient_clip=1.0__hidde_a6e88bf0,2.2351741790771484e-06,0.0134931189657972,0.0034564189720068,-0.0028,-0.0053999999999999,-0.0003,0,-4,0.9471,0.9371,0.9662,48,25
voyage,52,test_internal,3,0,batch_size=32__dropout=0.1__embedding=voyage__gradient_clip=1.0__hidde_a6e88bf0,2.2351741790771484e-06,0.0178300756230789,0.0101046037444804,-0.0021999999999999,0.0053999999999999,-0.0084,-7,4,0.9465,0.9452,0.9554,41,33
voyage,52,test_internal,3,1,batch_size=32__dropout=0.1__embedding=voyage__gradient_clip=1.0__hidde_a6e88bf0,2.2351741790771484e-06,0.0088991437964945,-0.002328580797469,-0.0006999999999999,-0.0040999999999999,0.0021999999999999,2,-3,0.945,0.9346,0.9649,50,26
voyage,52,test_internal,3,2,batch_size=32__dropout=0.1__embedding=voyage__gradient_clip=1.0__hidde_a6e88bf0,2.2351741790771484e-06,0.0058745178775928,-0.0017534145147358,0.0021999999999999,0.0,0.0036999999999999,3,0,0.9421,0.9331,0.9608,51,29
voyage,52,test_internal,3,3,batch_size=32__dropout=0.1__embedding=voyage__gradient_clip=1.0__hidde_a6e88bf0,2.2351741790771484e-06,0.0143030803731019,0.0023156839844991,0.0015,0.0,0.0024999999999999,2,0,0.9428,0.9343,0.9608,50,29
voyage,52,test_internal,3,4,batch_size=32__dropout=0.1__embedding=voyage__gradient_clip=1.0__hidde_a6e88bf0,2.2351741790771484e-06,0.009328938169713,0.001305989056772,0.0015,0.0,0.0024999999999999,2,0,0.9428,0.9343,0.9608,50,29
voyage,52,test_internal,3,5,batch_size=32__dropout=0.1__embedding=voyage__gradient_clip=1.0__hidde_a6e88bf0,2.2351741790771484e-06,0.0165187361743971,0.0109850691061922,-0.0014999999999999,0.0080999999999999,-0.0095,-8,6,0.9458,0.9463,0.9527,40,35
voyage,52,test_internal,3,6,batch_size=32__dropout=0.1__embedding=voyage__gradient_clip=1.0__hidde_a6e88bf0,2.2351741790771484e-06,0.0059535975420592,-0.0019363988344993,0.0021999999999999,0.0,0.0036999999999999,3,0,0.9421,0.9331,0.9608,51,29
voyage,52,test_internal,3,7,batch_size=32__dropout=0.1__embedding=voyage__gradient_clip=1.0__hidde_a6e88bf0,2.2351741790771484e-06,0.0134957339815634,0.0047442912934817,0.0008,0.0012999999999999,9.9999999999989e-05,0,1,0.9435,0.9367,0.9595,48,30
voyage,42,test_internal,0,0,batch_size=32__dropout=0.1__embedding=voyage__gradient_clip=1.0__hidde_ce223c00,3.546476364135742e-06,0.0202085331264923,-0.0158229926046613,0.0022999999999999,-0.0121,0.0147,12,-9,0.9515,0.9445,0.9662,42,25
voyage,42,test_internal,0,1,batch_size=32__dropout=0.1__embedding=voyage__gradient_clip=1.0__hidde_ce223c00,3.546476364135742e-06,0.1406374140346101,-0.1391146019159769,0.1056,-0.031,0.1677,162,-23,0.8482,0.7915,0.9851,192,11
voyage,42,test_internal,0,2,batch_size=32__dropout=0.1__embedding=voyage__gradient_clip=1.0__hidde_ce223c00,3.546476364135742e-06,0.0352872058099283,0.008655621198495,0.0165999999999999,0.0229999999999999,0.0089,6,17,0.9372,0.9503,0.9311,36,51
voyage,42,test_internal,0,3,batch_size=32__dropout=0.1__embedding=voyage__gradient_clip=1.0__hidde_ce223c00,3.546476364135742e-06,0.0618543901331655,-0.0112297056254548,0.0333999999999999,0.0202999999999999,0.0403,31,15,0.9204,0.9189,0.9338,61,49
voyage,42,test_internal,0,4,batch_size=32__dropout=0.1__embedding=voyage__gradient_clip=1.0__hidde_ce223c00,3.546476364135742e-06,0.0388950056565603,-0.0266000365907085,0.0030999999999999,-0.0202000000000001,0.0228,19,-15,0.9507,0.9364,0.9743,49,19
voyage,42,test_internal,0,5,batch_size=32__dropout=0.1__embedding=voyage__gradient_clip=1.0__hidde_ce223c00,3.546476364135742e-06,0.2289152237347146,0.2242607898459093,0.2151999999999999,0.4189999999999999,-0.0209999999999999,-22,310,0.7386,0.9802,0.5351,8,344
voyage,42,test_internal,0,6,batch_size=32__dropout=0.1__embedding=voyage__gradient_clip=1.0__hidde_ce223c00,3.546476364135742e-06,0.0512716380710103,0.0487512049487986,0.015,0.0514,-0.0216999999999999,-17,38,0.9388,0.9809,0.9027,13,72
voyage,42,test_internal,0,7,batch_size=32__dropout=0.1__embedding=voyage__gradient_clip=1.0__hidde_ce223c00,3.546476364135742e-06,0.0504029229003601,-0.0444893250786263,0.0133999999999999,-0.0229,0.0417,35,-17,0.9404,0.9175,0.977,65,17
voyage,42,test_internal,1,0,batch_size=32__dropout=0.1__embedding=voyage__gradient_clip=1.0__hidde_ce223c00,3.546476364135742e-06,0.0188500798319084,0.0183753941524706,0.0028,0.0162999999999999,-0.0100999999999999,-8,12,0.951,0.9693,0.9378,22,46
voyage,42,test_internal,1,1,batch_size=32__dropout=0.1__embedding=voyage__gradient_clip=1.0__hidde_ce223c00,3.546476364135742e-06,0.0166867124003847,-0.0156305923381244,0.0015999999999999,-0.0135,0.0146,12,-10,0.9522,0.9446,0.9676,42,24
voyage,42,test_internal,1,2,batch_size=32__dropout=0.1__embedding=voyage__gradient_clip=1.0__hidde_ce223c00,3.546476364135742e-06,0.018289079124999,0.0158491388537833,0.0028,0.0148999999999999,-0.0087999999999999,-7,11,0.951,0.968,0.9392,23,45
voyage,42,test_internal,1,3,batch_size=32__dropout=0.1__embedding=voyage__gradient_clip=1.0__hidde_ce223c00,3.546476364135742e-06,0.0247900880879903,0.0241559230494681,0.0028,0.0216999999999999,-0.0153999999999999,-12,16,0.951,0.9746,0.9324,18,50
voyage,42,test_internal,1,4,batch_size=32__dropout=0.1__embedding=voyage__gradient_clip=1.0__hidde_ce223c00,3.546476364135742e-06,0.0560786819427187,-0.0486758685268783,0.0177999999999999,-0.0216,0.0476,40,-16,0.936,0.9116,0.9757,70,18
voyage,42,test_internal,1,5,batch_size=32__dropout=0.1__embedding=voyage__gradient_clip=1.0__hidde_ce223c00,3.546476364135742e-06,0.0417486641514148,0.0393839864765474,0.0128,0.0445999999999999,-0.0189999999999999,-15,33,0.941,0.9782,0.9095,15,67
voyage,42,test_internal,1,6,batch_size=32__dropout=0.1__embedding=voyage__gradient_clip=1.0__hidde_ce223c00,3.546476364135742e-06,0.0300768507941016,0.0298338316875114,0.0070999999999999,0.0324999999999999,-0.0178999999999999,-14,24,0.9467,0.9771,0.9216,16,58
voyage,42,test_internal,1,7,batch_size=32__dropout=0.1__embedding=voyage__gradient_clip=1.0__hidde_ce223c00,3.546476364135742e-06,0.0219346234538063,-0.0195316607738918,0.0001999999999999,-0.0189,0.0168,14,-14,0.9536,0.9424,0.973,44,20
voyage,42,test_internal,2,0,batch_size=32__dropout=0.1__embedding=voyage__gradient_clip=1.0__hidde_ce223c00,3.546476364135742e-06,0.0111101151442342,0.0080303082988001,0.0,0.0054999999999999,-0.0050999999999999,-4,4,0.9538,0.9643,0.9486,26,38
voyage,42,test_internal,2,1,batch_size=32__dropout=0.1__embedding=voyage__gradient_clip=1.0__hidde_ce223c00,3.546476364135742e-06,0.0069329718725836,-0.0050842843730364,0.0008,-0.004,0.005,4,-3,0.953,0.9542,0.9581,34,31
voyage,42,test_internal,2,2,batch_size=32__dropout=0.1__embedding=voyage__gradient_clip=1.0__hidde_ce223c00,3.546476364135742e-06,0.0034809028021254,0.000653622125061,0.0007,0.0013999999999999,0.0,0,1,0.9531,0.9592,0.9527,30,35
voyage,42,test_internal,2,3,batch_size=32__dropout=0.1__embedding=voyage__gradient_clip=1.0__hidde_ce223c00,3.546476364135742e-06,0.0042832499348203,-0.0010090215391271,0.0014999999999999,0.0,0.0026,2,0,0.9523,0.9566,0.9541,32,34
voyage,42,test_internal,2,4,batch_size=32__dropout=0.1__embedding=voyage__gradient_clip=1.0__hidde_ce223c00,3.546476364135742e-06,0.016751722188117,-0.0143220036424589,-0.0012999999999999,-0.0175,0.0131,11,-13,0.9551,0.9461,0.9716,41,21
voyage,42,test_internal,2,5,batch_size=32__dropout=0.1__embedding=voyage__gradient_clip=1.0__hidde_ce223c00,3.546476364135742e-06,0.0211225352549871,0.0199623686256449,0.0007,0.0148999999999999,-0.0127999999999999,-10,11,0.9531,0.972,0.9392,20,45
voyage,42,test_internal,2,6,batch_size=32__dropout=0.1__embedding=voyage__gradient_clip=1.0__hidde_ce223c00,3.546476364135742e-06,0.0063694657704277,0.002081964032309,-0.0007,0.0,-0.0012999999999999,-1,0,0.9545,0.9605,0.9541,29,34
voyage,42,test_internal,2,7,batch_size=32__dropout=0.1__embedding=voyage__gradient_clip=1.0__hidde_ce223c00,3.546476364135742e-06,0.004855628519004,-0.0002367772038007,-0.0007,-0.0027,0.0011000000000001,1,-2,0.9545,0.9581,0.9568,31,32
voyage,42,test_internal,3,0,batch_size=32__dropout=0.1__embedding=voyage__gradient_clip=1.0__hidde_ce223c00,3.546476364135742e-06,0.0145998163797001,0.012444253631184,0.0,0.0094999999999999,-0.0088999999999999,-7,7,0.9538,0.9681,0.9446,23,41
voyage,42,test_internal,3,1,batch_size=32__dropout=0.1__embedding=voyage__gradient_clip=1.0__hidde_ce223c00,3.546476364135742e-06,0.0066780174576523,0.0040851790930325,0.0,0.0040999999999999,-0.0037999999999999,-3,3,0.9538,0.963,0.95,27,37
voyage,42,test_internal,3,2,batch_size=32__dropout=0.1__embedding=voyage__gradient_clip=1.0__hidde_ce223c00,3.546476364135742e-06,0.0042778076823438,0.0002615078380867,0.0021999999999999,0.0013999999999999,0.0026,2,1,0.9516,0.9566,0.9527,32,35
voyage,42,test_internal,3,3,batch_size=32__dropout=0.1__embedding=voyage__gradient_clip=1.0__hidde_ce223c00,3.546476364135742e-06,0.0083423966186777,-0.0070170258506864,9.9999999999989e-05,-0.0054,0.0049,4,-4,0.9537,0.9543,0.9595,34,30
voyage,42,test_internal,3,4,batch_size=32__dropout=0.1__embedding=voyage__gradient_clip=1.0__hidde_ce223c00,3.546476364135742e-06,0.0110712192071561,-0.0088651859104338,-0.0012999999999999,-0.0135,0.0096,8,-10,0.9551,0.9496,0.9676,38,24
voyage,42,test_internal,3,5,batch_size=32__dropout=0.1__embedding=voyage__gradient_clip=1.0__hidde_ce223c00,3.546476364135742e-06,0.0051876239543914,-0.0004559864790895,0.0021999999999999,0.0,0.0039,3,0,0.9516,0.9553,0.9541,33,34
voyage,42,test_internal,3,6,batch_size=32__dropout=0.1__embedding=voyage__gradient_clip=1.0__hidde_ce223c00,3.546476364135742e-06,0.0107651827456563,-0.0090355890570208,-0.0006,-0.0121,0.0097,8,-9,0.9544,0.9495,0.9662,38,25
voyage,42,test_internal,3,7,batch_size=32__dropout=0.1__embedding=voyage__gradient_clip=1.0__hidde_ce223c00,3.546476364135742e-06,0.0270625935611147,0.0205146406705176,0.0034999999999999,0.0189999999999999,-0.0112999999999999,-9,14,0.9503,0.9705,0.9351,21,48
voyage,42,validation,0,0,batch_size=32__dropout=0.1__embedding=voyage__gradient_clip=1.0__hidde_ce223c00,2.115964889526367e-06,0.0131741250088629,-0.012943505116894,0.0110999999999999,0.0,0.0283999999999999,5,0,0.8842,0.6639,0.9759,41,2
voyage,42,validation,0,1,batch_size=32__dropout=0.1__embedding=voyage__gradient_clip=1.0__hidde_ce223c00,2.115964889526367e-06,0.3993836402121694,-0.3993836402121694,0.426,0.0,0.5471,441,0,0.4693,0.1452,0.9759,477,2
voyage,42,validation,0,2,batch_size=32__dropout=0.1__embedding=voyage__gradient_clip=1.0__hidde_ce223c00,2.115964889526367e-06,0.0438297974725708,-0.0437996256163486,0.0927,0.0,0.2043,49,0,0.8026,0.488,0.9759,85,2
voyage,42,validation,0,3,batch_size=32__dropout=0.1__embedding=voyage__gradient_clip=1.0__hidde_ce223c00,2.115964889526367e-06,0.0407464797911685,-0.0406327325008407,0.0895,0.0,0.1984,47,0,0.8058,0.4939,0.9759,83,2
voyage,42,validation,0,4,batch_size=32__dropout=0.1__embedding=voyage__gradient_clip=1.0__hidde_ce223c00,2.115964889526367e-06,0.0024037240079534,-0.0023620607327525,0.0,0.0,0.0,0,0,0.8953,0.6923,0.9759,36,2
voyage,42,validation,0,5,batch_size=32__dropout=0.1__embedding=voyage__gradient_clip=1.0__hidde_ce223c00,2.115964889526367e-06,0.0252772230499734,0.0251105779449568,-0.0502,0.0,-0.1427999999999999,-20,0,0.9455,0.8351,0.9759,16,2
voyage,42,validation,0,6,batch_size=32__dropout=0.1__embedding=voyage__gradient_clip=1.0__hidde_ce223c00,2.115964889526367e-06,0.0039911413395868,0.0032894390270574,0.0,0.0,0.0,0,0,0.8953,0.6923,0.9759,36,2
voyage,42,validation,0,7,batch_size=32__dropout=0.1__embedding=voyage__gradient_clip=1.0__hidde_ce223c00,2.115964889526367e-06,0.0224356841380232,-0.0224117634100762,0.0381,0.0,0.0923,18,0,0.8572,0.6,0.9759,54,2
voyage,42,validation,1,0,batch_size=32__dropout=0.1__embedding=voyage__gradient_clip=1.0__hidde_ce223c00,2.115964889526367e-06,0.0014347839308945,0.0008698088417495,0.0,0.0,0.0,0,0,0.8953,0.6923,0.9759,36,2
voyage,42,validation,1,1,batch_size=32__dropout=0.1__embedding=voyage__gradient_clip=1.0__hidde_ce223c00,2.115964889526367e-06,0.0213549214996576,-0.0213549214996576,0.0458999999999999,0.0,0.1096,22,0,0.8494,0.5827,0.9759,58,2
voyage,42,validation,1,2,batch_size=32__dropout=0.1__embedding=voyage__gradient_clip=1.0__hidde_ce223c00,2.115964889526367e-06,0.0090097347334618,-0.0089531453181873,0.0110999999999999,0.0,0.0283999999999999,5,0,0.8842,0.6639,0.9759,41,2
voyage,42,validation,1,3,batch_size=32__dropout=0.1__embedding=voyage__gradient_clip=1.0__hidde_ce223c00,2.115964889526367e-06,0.0007394932400493,0.0003774245811363,0.0,0.0,0.0,0,0,0.8953,0.6923,0.9759,36,2
voyage,42,validation,1,4,batch_size=32__dropout=0.1__embedding=voyage__gradient_clip=1.0__hidde_ce223c00,2.115964889526367e-06,0.0198779650751006,-0.0198683735834123,0.042,0.0,0.1011,20,0,0.8533,0.5912,0.9759,56,2
voyage,42,validation,1,5,batch_size=32__dropout=0.1__embedding=voyage__gradient_clip=1.0__hidde_ce223c00,2.115964889526367e-06,0.0053533720029285,0.0053345091240643,0.0,0.0,0.0,0,0,0.8953,0.6923,0.9759,36,2
voyage,42,validation,1,6,batch_size=32__dropout=0.1__embedding=voyage__gradient_clip=1.0__hidde_ce223c00,2.115964889526367e-06,0.0036001994946605,0.0034450581458518,0.0,0.0,0.0,0,0,0.8953,0.6923,0.9759,36,2
voyage,42,validation,1,7,batch_size=32__dropout=0.1__embedding=voyage__gradient_clip=1.0__hidde_ce223c00,2.115964889526367e-06,0.0084482873891009,-0.0084424044161653,0.0067,0.0,0.0172999999999999,3,0,0.8886,0.675,0.9759,39,2
voyage,42,validation,2,0,batch_size=32__dropout=0.1__embedding=voyage__gradient_clip=1.0__hidde_ce223c00,2.115964889526367e-06,0.0018814082637116,-0.0008330058208851,0.0,0.0,0.0,0,0,0.8953,0.6923,0.9759,36,2
voyage,42,validation,2,1,batch_size=32__dropout=0.1__embedding=voyage__gradient_clip=1.0__hidde_ce223c00,2.115964889526367e-06,0.0030865342672725,-0.003030107436153,0.0,0.0,0.0,0,0,0.8953,0.6923,0.9759,36,2
voyage,42,validation,2,2,batch_size=32__dropout=0.1__embedding=voyage__gradient_clip=1.0__hidde_ce223c00,2.115964889526367e-06,0.0015178172157291,-0.0014722136686455,0.0,0.0,0.0,0,0,0.8953,0.6923,0.9759,36,2
voyage,42,validation,2,3,batch_size=32__dropout=0.1__embedding=voyage__gradient_clip=1.0__hidde_ce223c00,2.115964889526367e-06,0.0013295739208926,-0.0007014362883624,0.0,0.0,0.0,0,0,0.8953,0.6923,0.9759,36,2
voyage,42,validation,2,4,batch_size=32__dropout=0.1__embedding=voyage__gradient_clip=1.0__hidde_ce223c00,2.115964889526367e-06,0.0029916488212926,-0.0026375273331167,0.0,0.0,0.0,0,0,0.8953,0.6923,0.9759,36,2
voyage,42,validation,2,5,batch_size=32__dropout=0.1__embedding=voyage__gradient_clip=1.0__hidde_ce223c00,2.115964889526367e-06,0.0020386284225407,0.0016791506647626,0.0,0.0,0.0,0,0,0.8953,0.6923,0.9759,36,2
voyage,42,validation,2,6,batch_size=32__dropout=0.1__embedding=voyage__gradient_clip=1.0__hidde_ce223c00,2.115964889526367e-06,0.0014254396840661,0.0003103048924188,0.0,0.0,0.0,0,0,0.8953,0.6923,0.9759,36,2
voyage,42,validation,2,7,batch_size=32__dropout=0.1__embedding=voyage__gradient_clip=1.0__hidde_ce223c00,2.115964889526367e-06,0.0013349845935354,-0.0005913604575872,0.0,0.0,0.0,0,0,0.8953,0.6923,0.9759,36,2
voyage,42,validation,3,0,batch_size=32__dropout=0.1__embedding=voyage__gradient_clip=1.0__hidde_ce223c00,2.115964889526367e-06,0.0019989341105285,-0.0011539515881822,0.0,0.0,0.0,0,0,0.8953,0.6923,0.9759,36,2
voyage,42,validation,3,1,batch_size=32__dropout=0.1__embedding=voyage__gradient_clip=1.0__hidde_ce223c00,2.115964889526367e-06,0.0025689035167338,-0.0017238815881772,0.0,0.0,0.0,0,0,0.8953,0.6923,0.9759,36,2
voyage,42,validation,3,2,batch_size=32__dropout=0.1__embedding=voyage__gradient_clip=1.0__hidde_ce223c00,2.115964889526367e-06,0.001631518835778,-0.0009136335594908,0.0,0.0,0.0,0,0,0.8953,0.6923,0.9759,36,2
voyage,42,validation,3,3,batch_size=32__dropout=0.1__embedding=voyage__gradient_clip=1.0__hidde_ce223c00,2.115964889526367e-06,0.0015795573689789,-0.0006796911318845,0.0,0.0,0.0,0,0,0.8953,0.6923,0.9759,36,2
voyage,42,validation,3,4,batch_size=32__dropout=0.1__embedding=voyage__gradient_clip=1.0__hidde_ce223c00,2.115964889526367e-06,0.0026215967807801,-0.0016004669577629,0.0,0.0,0.0,0,0,0.8953,0.6923,0.9759,36,2
voyage,42,validation,3,5,batch_size=32__dropout=0.1__embedding=voyage__gradient_clip=1.0__hidde_ce223c00,2.115964889526367e-06,0.0022998558043907,-0.0014424065000266,0.0,0.0,0.0,0,0,0.8953,0.6923,0.9759,36,2
voyage,42,validation,3,6,batch_size=32__dropout=0.1__embedding=voyage__gradient_clip=1.0__hidde_ce223c00,2.115964889526367e-06,0.0031701648904101,-0.002202332957363,0.0,0.0,0.0,0,0,0.8953,0.6923,0.9759,36,2
voyage,42,validation,3,7,batch_size=32__dropout=0.1__embedding=voyage__gradient_clip=1.0__hidde_ce223c00,2.115964889526367e-06,0.0041470151142641,-0.0025739936121083,0.0,0.0,0.0,0,0,0.8953,0.6923,0.9759,36,2
openai,62,validation,0,0,batch_size=16__dropout=0.1__embedding=openai__gradient_clip=1.0__hidde_942993ae,1.4901161193847656e-06,0.0340823784851837,0.0339154101176069,-0.0927,0.0,-0.2043,-49,0,0.8953,0.6923,0.9759,36,2
openai,62,validation,0,1,batch_size=16__dropout=0.1__embedding=openai__gradient_clip=1.0__hidde_942993ae,1.4901161193847656e-06,0.018304501341719,-0.0181859280792708,0.0,0.0,0.0,0,0,0.8026,0.488,0.9759,85,2
openai,62,validation,0,2,batch_size=16__dropout=0.1__embedding=openai__gradient_clip=1.0__hidde_942993ae,1.4901161193847656e-06,0.0330421596662647,0.0324781764049185,-0.0927,0.0,-0.2043,-49,0,0.8953,0.6923,0.9759,36,2
openai,62,validation,0,3,batch_size=16__dropout=0.1__embedding=openai__gradient_clip=1.0__hidde_942993ae,1.4901161193847656e-06,0.1528466772906708,-0.1526858137897603,0.1461,0.0,0.2106,126,0,0.6565,0.2774,0.9759,211,2
openai,62,validation,0,4,batch_size=16__dropout=0.1__embedding=openai__gradient_clip=1.0__hidde_942993ae,1.4901161193847656e-06,0.0090338451572735,-0.0090338451572735,0.0,0.0,0.0,0,0,0.8026,0.488,0.9759,85,2
openai,62,validation,0,5,batch_size=16__dropout=0.1__embedding=openai__gradient_clip=1.0__hidde_942993ae,1.4901161193847656e-06,0.0081535055118162,-0.0079402728774283,0.0,0.0,0.0,0,0,0.8026,0.488,0.9759,85,2
openai,62,validation,0,6,batch_size=16__dropout=0.1__embedding=openai__gradient_clip=1.0__hidde_942993ae,1.4901161193847656e-06,0.0327734701410514,0.0318065024103738,-0.0927,0.0,-0.2043,-49,0,0.8953,0.6923,0.9759,36,2
openai,62,validation,0,7,batch_size=16__dropout=0.1__embedding=openai__gradient_clip=1.0__hidde_942993ae,1.4901161193847656e-06,0.0320580324363331,-0.0317284195760055,0.0,0.0,0.0,0,0,0.8026,0.488,0.9759,85,2
openai,62,validation,1,0,batch_size=16__dropout=0.1__embedding=openai__gradient_clip=1.0__hidde_942993ae,1.4901161193847656e-06,0.0053038559044874,0.0050362410460607,-0.0048,0.0,-0.0089,-3,0,0.8074,0.4969,0.9759,82,2
openai,62,validation,1,1,batch_size=16__dropout=0.1__embedding=openai__gradient_clip=1.0__hidde_942993ae,1.4901161193847656e-06,0.0031523114740624,-0.0030782132692005,0.0,0.0,0.0,0,0,0.8026,0.488,0.9759,85,2
openai,62,validation,1,2,batch_size=16__dropout=0.1__embedding=openai__gradient_clip=1.0__hidde_942993ae,1.4901161193847656e-06,0.0137061900737369,0.0134011835141964,-0.0393,0.0,-0.0784,-23,0,0.8419,0.5664,0.9759,62,2
openai,62,validation,1,3,batch_size=16__dropout=0.1__embedding=openai__gradient_clip=1.0__hidde_942993ae,1.4901161193847656e-06,0.002884844058382,-0.0028144675251616,0.0,0.0,0.0,0,0,0.8026,0.488,0.9759,85,2
openai,62,validation,1,4,batch_size=16__dropout=0.1__embedding=openai__gradient_clip=1.0__hidde_942993ae,1.4901161193847656e-06,0.0017349721736163,-0.0016847576544854,0.0,0.0,0.0,0,0,0.8026,0.488,0.9759,85,2
openai,62,validation,1,5,batch_size=16__dropout=0.1__embedding=openai__gradient_clip=1.0__hidde_942993ae,1.4901161193847656e-06,0.0040456636849176,-0.0039977949927829,0.0,0.0,0.0,0,0,0.8026,0.488,0.9759,85,2
openai,62,validation,1,6,batch_size=16__dropout=0.1__embedding=openai__gradient_clip=1.0__hidde_942993ae,1.4901161193847656e-06,0.0034530491039603,0.0026806106207533,0.0,0.0,0.0,0,0,0.8026,0.488,0.9759,85,2
openai,62,validation,1,7,batch_size=16__dropout=0.1__embedding=openai__gradient_clip=1.0__hidde_942993ae,1.4901161193847656e-06,0.0023051331227717,-0.0022493068511016,0.0,0.0,0.0,0,0,0.8026,0.488,0.9759,85,2
openai,62,validation,2,0,batch_size=16__dropout=0.1__embedding=openai__gradient_clip=1.0__hidde_942993ae,1.4901161193847656e-06,0.0011068394203177,-0.0009370759257011,0.0,0.0,0.0,0,0,0.8026,0.488,0.9759,85,2
openai,62,validation,2,1,batch_size=16__dropout=0.1__embedding=openai__gradient_clip=1.0__hidde_942993ae,1.4901161193847656e-06,0.002927534926254,-0.0026637023135427,0.0,0.0,0.0,0,0,0.8026,0.488,0.9759,85,2
openai,62,validation,2,2,batch_size=16__dropout=0.1__embedding=openai__gradient_clip=1.0__hidde_942993ae,1.4901161193847656e-06,0.004191131133185,0.0021434745064761,0.0,0.0,0.0,0,0,0.8026,0.488,0.9759,85,2
openai,62,validation,2,3,batch_size=16__dropout=0.1__embedding=openai__gradient_clip=1.0__hidde_942993ae,1.4901161193847656e-06,0.0010359421005753,-0.0009795093255023,0.0,0.0,0.0,0,0,0.8026,0.488,0.9759,85,2
openai,62,validation,2,4,batch_size=16__dropout=0.1__embedding=openai__gradient_clip=1.0__hidde_942993ae,1.4901161193847656e-06,0.0011805678158396,-0.0010617724015693,0.0,0.0,0.0,0,0,0.8026,0.488,0.9759,85,2
openai,62,validation,2,5,batch_size=16__dropout=0.1__embedding=openai__gradient_clip=1.0__hidde_942993ae,1.4901161193847656e-06,0.0013317396128072,-0.0012374388525156,0.0,0.0,0.0,0,0,0.8026,0.488,0.9759,85,2
openai,62,validation,2,6,batch_size=16__dropout=0.1__embedding=openai__gradient_clip=1.0__hidde_942993ae,1.4901161193847656e-06,0.0019631745264283,-0.0017490351261116,0.0,0.0,0.0,0,0,0.8026,0.488,0.9759,85,2
openai,62,validation,2,7,batch_size=16__dropout=0.1__embedding=openai__gradient_clip=1.0__hidde_942993ae,1.4901161193847656e-06,0.0007601381052287,-0.0004108248368578,0.0,0.0,0.0,0,0,0.8026,0.488,0.9759,85,2
openai,62,test_internal,0,0,batch_size=16__dropout=0.1__embedding=openai__gradient_clip=1.0__hidde_942993ae,2.6226043701171875e-06,0.1649752488273125,0.1642742675283116,0.1478,0.2932,-0.0176,-15,217,0.8089,0.9898,0.6527,5,257
openai,62,test_internal,0,1,batch_size=16__dropout=0.1__embedding=openai__gradient_clip=1.0__hidde_942993ae,2.6226043701171875e-06,0.0628048067349645,-0.0577801310289785,0.025,-0.0244,0.0632999999999999,52,-18,0.9317,0.9089,0.9703,72,22
openai,62,test_internal,0,2,batch_size=16__dropout=0.1__embedding=openai__gradient_clip=1.0__hidde_942993ae,2.6226043701171875e-06,0.1649891665434002,0.1634102090506432,0.1479,0.2945,-0.0196,-16,218,0.8088,0.9918,0.6514,4,258
openai,62,test_internal,0,3,batch_size=16__dropout=0.1__embedding=openai__gradient_clip=1.0__hidde_942993ae,2.6226043701171875e-06,0.1082820642751678,-0.105687436295829,0.0572,-0.0311,0.1144999999999999,100,-23,0.8995,0.8577,0.977,120,17
openai,62,test_internal,0,4,batch_size=16__dropout=0.1__embedding=openai__gradient_clip=1.0__hidde_942993ae,2.6226043701171875e-06,0.026886189949955,-0.025033697401376,0.0014999999999999,-0.0136,0.0152999999999999,12,-10,0.9552,0.9569,0.9595,32,30
openai,62,test_internal,0,5,batch_size=16__dropout=0.1__embedding=openai__gradient_clip=1.0__hidde_942993ae,2.6226043701171875e-06,0.0216321890137289,-0.0029456276157217,0.0057,0.0080999999999999,0.0028999999999999,2,6,0.951,0.9693,0.9378,22,46
openai,62,test_internal,0,6,batch_size=16__dropout=0.1__embedding=openai__gradient_clip=1.0__hidde_942993ae,2.6226043701171875e-06,0.1653136560116331,0.1632321908924705,0.1501,0.2973,-0.0175,-15,220,0.8066,0.9897,0.6486,5,260
openai,62,test_internal,0,7,batch_size=16__dropout=0.1__embedding=openai__gradient_clip=1.0__hidde_942993ae,2.6226043701171875e-06,0.0769525146688478,-0.0183883186940207,0.0412,0.0309999999999999,0.0460999999999999,34,23,0.9155,0.9261,0.9149,54,63
openai,62,test_internal,1,0,batch_size=16__dropout=0.1__embedding=openai__gradient_clip=1.0__hidde_942993ae,2.6226043701171875e-06,0.0173924842148578,0.0127074179655609,0.0079,0.0174999999999999,-0.0023,-2,13,0.9488,0.9745,0.9284,18,53
openai,62,test_internal,1,1,batch_size=16__dropout=0.1__embedding=openai__gradient_clip=1.0__hidde_942993ae,2.6226043701171875e-06,0.0082862419627352,-0.0077146918233149,-0.0036,-0.0095,0.0023999999999999,2,-7,0.9603,0.9698,0.9554,22,33
openai,62,test_internal,1,2,batch_size=16__dropout=0.1__embedding=openai__gradient_clip=1.0__hidde_942993ae,2.6226043701171875e-06,0.054871631493451,0.0515605449800257,0.0357999999999999,0.0837,-0.0154,-12,62,0.9209,0.9876,0.8622,8,102
openai,62,test_internal,1,3,batch_size=16__dropout=0.1__embedding=openai__gradient_clip=1.0__hidde_942993ae,2.6226043701171875e-06,0.0196012108213822,-0.018890770423798,-0.0020999999999999,-0.0121999999999999,0.0075999999999999,6,-9,0.9588,0.9646,0.9581,26,31
openai,62,test_internal,1,4,batch_size=16__dropout=0.1__embedding=openai__gradient_clip=1.0__hidde_942993ae,2.6226043701171875e-06,0.0106915957103868,0.0068057734950984,0.0063999999999999,0.0121,0.0002999999999999,0,9,0.9503,0.9719,0.9338,20,49
openai,62,test_internal,1,5,batch_size=16__dropout=0.1__embedding=openai__gradient_clip=1.0__hidde_942993ae,2.6226043701171875e-06,0.0099856087602942,0.0016554420756966,0.0042999999999999,0.0080999999999999,0.0001999999999999,0,6,0.9524,0.972,0.9378,20,46
openai,62,test_internal,1,6,batch_size=16__dropout=0.1__embedding=openai__gradient_clip=1.0__hidde_942993ae,2.6226043701171875e-06,0.0093315500139992,0.0050093230995326,0.0036,0.004,0.0027999999999999,2,3,0.9531,0.9694,0.9419,22,43
openai,62,test_internal,1,7,batch_size=16__dropout=0.1__embedding=openai__gradient_clip=1.0__hidde_942993ae,2.6226043701171875e-06,0.0086449763618272,-0.0074871751762467,-0.0029,-0.0081999999999999,0.0023999999999999,2,-6,0.9596,0.9698,0.9541,22,34
openai,62,test_internal,2,0,batch_size=16__dropout=0.1__embedding=openai__gradient_clip=1.0__hidde_942993ae,2.6226043701171875e-06,0.0075009652333863,-0.0056089399684816,-0.0013999999999999,-0.0055,0.0024999999999999,2,-4,0.9581,0.9697,0.9514,22,36
openai,62,test_internal,2,1,batch_size=16__dropout=0.1__embedding=openai__gradient_clip=1.0__hidde_942993ae,2.6226043701171875e-06,0.0156917964039192,-0.0020496279729459,-0.0015,-0.0027,-0.0001000000000001,0,-2,0.9582,0.9723,0.9486,20,38
openai,62,test_internal,2,2,batch_size=16__dropout=0.1__embedding=openai__gradient_clip=1.0__hidde_942993ae,2.6226043701171875e-06,0.021683555099696,0.0098146714665843,0.0070999999999999,0.0201999999999999,-0.0064,-5,15,0.9496,0.9786,0.9257,15,55
openai,62,test_internal,2,3,batch_size=16__dropout=0.1__embedding=openai__gradient_clip=1.0__hidde_942993ae,2.6226043701171875e-06,0.0078067729536447,-0.0069488787560023,-0.0007,-0.0055,0.0037999999999999,3,-4,0.9574,0.9684,0.9514,23,36
openai,62,test_internal,2,4,batch_size=16__dropout=0.1__embedding=openai__gradient_clip=1.0__hidde_942993ae,2.6226043701171875e-06,0.0041911747305747,0.0007631976479872,0.0007,0.0,0.0012999999999999,1,0,0.956,0.9709,0.9459,21,40
openai,62,test_internal,2,5,batch_size=16__dropout=0.1__embedding=openai__gradient_clip=1.0__hidde_942993ae,2.6226043701171875e-06,0.0078533970015316,-0.0015196981573294,0.0,-0.0027,0.0025999999999999,2,-2,0.9567,0.9696,0.9486,22,38
openai,62,test_internal,2,6,batch_size=16__dropout=0.1__embedding=openai__gradient_clip=1.0__hidde_942993ae,2.6226043701171875e-06,0.0094258167720634,0.00502471135219,0.0020999999999999,0.004,9.9999999999989e-05,0,3,0.9546,0.9721,0.9419,20,43
openai,62,test_internal,2,7,batch_size=16__dropout=0.1__embedding=openai__gradient_clip=1.0__hidde_942993ae,2.6226043701171875e-06,0.004522823036557,-0.002737976185263,0.0013999999999999,0.0,0.0026999999999999,2,0,0.9553,0.9695,0.9459,22,40
openai,42,validation,0,0,batch_size=16__dropout=0.1__embedding=openai__gradient_clip=1.0__hidde_66b01cf1,4.470348358154297e-06,0.0414962788865022,-0.0408073222195959,0.0103999999999999,-0.0241,0.0252,10,-2,0.8085,0.494,1.0,85,0
openai,42,validation,0,1,batch_size=16__dropout=0.1__embedding=openai__gradient_clip=1.0__hidde_66b01cf1,4.470348358154297e-06,0.0449932212863415,-0.0449839498196205,0.0178999999999999,0.0,0.0342,11,0,0.801,0.485,0.9759,86,2
openai,42,validation,0,2,batch_size=16__dropout=0.1__embedding=openai__gradient_clip=1.0__hidde_66b01cf1,4.470348358154297e-06,0.1059952093182313,-0.1048434182945836,0.0698999999999999,0.0,0.1220999999999999,48,0,0.749,0.3971,0.9759,123,2
openai,42,validation,0,3,batch_size=16__dropout=0.1__embedding=openai__gradient_clip=1.0__hidde_66b01cf1,4.470348358154297e-06,0.0306035063425085,0.030173016393701,-0.0764,0.0,-0.1731,-39,0,0.8953,0.6923,0.9759,36,2
openai,42,validation,0,4,batch_size=16__dropout=0.1__embedding=openai__gradient_clip=1.0__hidde_66b01cf1,4.470348358154297e-06,0.0272567109232239,0.0272566589348608,-0.0764,0.0,-0.1731,-39,0,0.8953,0.6923,0.9759,36,2
openai,42,validation,0,5,batch_size=16__dropout=0.1__embedding=openai__gradient_clip=1.0__hidde_66b01cf1,4.470348358154297e-06,0.0188272317830953,0.01867117792625,-0.0696999999999999,0.0,-0.1558,-36,0,0.8886,0.675,0.9759,39,2
openai,42,validation,0,6,batch_size=16__dropout=0.1__embedding=openai__gradient_clip=1.0__hidde_66b01cf1,4.470348358154297e-06,0.1224652205899756,-0.1218868154603874,0.1085999999999999,0.0,0.1774,81,0,0.7103,0.3418,0.9759,156,2
openai,42,validation,0,7,batch_size=16__dropout=0.1__embedding=openai__gradient_clip=1.0__hidde_66b01cf1,4.470348358154297e-06,0.0534416193949056,-0.0534416088278771,0.0151,-0.0241,0.0338,13,-2,0.8038,0.4854,1.0,88,0
openai,42,validation,1,0,batch_size=16__dropout=0.1__embedding=openai__gradient_clip=1.0__hidde_66b01cf1,4.470348358154297e-06,0.0074844539261112,-0.0074689132395505,0.0114999999999999,0.0,0.0222999999999999,7,0,0.8074,0.4969,0.9759,82,2
openai,42,validation,1,1,batch_size=16__dropout=0.1__embedding=openai__gradient_clip=1.0__hidde_66b01cf1,4.470348358154297e-06,0.0100800378305013,-0.0100367388811161,0.0162999999999999,0.0,0.0312,10,0,0.8026,0.488,0.9759,85,2
openai,42,validation,1,2,batch_size=16__dropout=0.1__embedding=openai__gradient_clip=1.0__hidde_66b01cf1,4.470348358154297e-06,0.0140028846596233,0.0137595367097744,-0.0609,0.0,-0.134,-32,0,0.8798,0.6532,0.9759,43,2
openai,42,validation,1,3,batch_size=16__dropout=0.1__embedding=openai__gradient_clip=1.0__hidde_66b01cf1,4.470348358154297e-06,0.0029407419042987,0.0023746039569081,-0.0086,0.0,-0.0171999999999999,-5,0,0.8275,0.5364,0.9759,70,2
openai,42,validation,1,4,batch_size=16__dropout=0.1__embedding=openai__gradient_clip=1.0__hidde_66b01cf1,4.470348358154297e-06,0.0170424430007129,0.0167270295681049,-0.0653,0.0,-0.1447,-34,0,0.8842,0.6639,0.9759,41,2
openai,42,validation,1,5,batch_size=16__dropout=0.1__embedding=openai__gradient_clip=1.0__hidde_66b01cf1,4.470348358154297e-06,0.0062225414442185,-0.0059979602288508,0.0114999999999999,0.0,0.0222999999999999,7,0,0.8074,0.4969,0.9759,82,2
openai,42,validation,1,6,batch_size=16__dropout=0.1__embedding=openai__gradient_clip=1.0__hidde_66b01cf1,4.470348358154297e-06,0.0032131547673546,-0.0031944320843559,0.005,0.0,0.0098,3,0,0.8139,0.5094,0.9759,78,2
openai,42,validation,1,7,batch_size=16__dropout=0.1__embedding=openai__gradient_clip=1.0__hidde_66b01cf1,4.470348358154297e-06,0.0104836437373705,-0.0104546491322189,0.0103999999999999,-0.0241,0.0252,10,-2,0.8085,0.494,1.0,85,0
openai,42,validation,2,0,batch_size=16__dropout=0.1__embedding=openai__gradient_clip=1.0__hidde_66b01cf1,4.470348358154297e-06,0.0033271431780268,-0.0032844125366398,0.005,0.0,0.0098,3,0,0.8139,0.5094,0.9759,78,2
openai,42,validation,2,1,batch_size=16__dropout=0.1__embedding=openai__gradient_clip=1.0__hidde_66b01cf1,4.470348358154297e-06,0.0040025957828073,-0.0038123094678685,0.005,0.0,0.0098,3,0,0.8139,0.5094,0.9759,78,2
openai,42,validation,2,2,batch_size=16__dropout=0.1__embedding=openai__gradient_clip=1.0__hidde_66b01cf1,4.470348358154297e-06,0.0020260341437363,-0.0008146992398115,0.0,0.0,0.0,0,0,0.8189,0.5192,0.9759,75,2
openai,42,validation,2,3,batch_size=16__dropout=0.1__embedding=openai__gradient_clip=1.0__hidde_66b01cf1,4.470348358154297e-06,0.0009164814577142,-0.0001907367338809,0.0,0.0,0.0,0,0,0.8189,0.5192,0.9759,75,2
openai,42,validation,2,4,batch_size=16__dropout=0.1__embedding=openai__gradient_clip=1.0__hidde_66b01cf1,4.470348358154297e-06,0.0023262321855539,-0.0013545733990308,0.0015999999999999,0.0,0.0032999999999999,1,0,0.8173,0.5159,0.9759,76,2
openai,42,validation,2,5,batch_size=16__dropout=0.1__embedding=openai__gradient_clip=1.0__hidde_66b01cf1,4.470348358154297e-06,0.0010770736941829,4.822523472336184e-05,0.0,0.0,0.0,0,0,0.8189,0.5192,0.9759,75,2
openai,42,validation,2,6,batch_size=16__dropout=0.1__embedding=openai__gradient_clip=1.0__hidde_66b01cf1,4.470348358154297e-06,0.0016218251781161,-0.0005664196573397,0.0,0.0,0.0,0,0,0.8189,0.5192,0.9759,75,2
openai,42,validation,2,7,batch_size=16__dropout=0.1__embedding=openai__gradient_clip=1.0__hidde_66b01cf1,4.470348358154297e-06,0.0081982181496139,-0.0079634259325107,0.0131,0.0,0.0252999999999999,8,0,0.8058,0.4939,0.9759,83,2
openai,42,test_internal,0,0,batch_size=16__dropout=0.1__embedding=openai__gradient_clip=1.0__hidde_66b01cf1,3.874301910400391e-06,0.069282391193675,-0.0617177305619249,0.0362,-0.0189,0.0739999999999999,63,-14,0.9241,0.8907,0.9797,89,15
openai,42,test_internal,0,1,batch_size=16__dropout=0.1__embedding=openai__gradient_clip=1.0__hidde_66b01cf1,3.874301910400391e-06,0.0471062570347064,-0.045834471699989,0.0207,-0.0202999999999999,0.0514999999999999,43,-15,0.9396,0.9132,0.9811,69,14
openai,42,test_internal,0,2,batch_size=16__dropout=0.1__embedding=openai__gradient_clip=1.0__hidde_66b01cf1,3.874301910400391e-06,0.0723948510591084,-0.0330283914038387,0.0474,0.0149,0.0673,54,11,0.9129,0.8974,0.9459,80,40
openai,42,test_internal,0,3,batch_size=16__dropout=0.1__embedding=openai__gradient_clip=1.0__hidde_66b01cf1,3.874301910400391e-06,0.3200103280240655,0.3158332486820563,0.3369000000000001,0.6067,-0.0129,-20,449,0.6234,0.9776,0.3541,6,478
openai,42,test_internal,0,4,batch_size=16__dropout=0.1__embedding=openai__gradient_clip=1.0__hidde_66b01cf1,3.874301910400391e-06,0.1327799262530873,0.1291497838889456,0.1042,0.2216,-0.0244999999999999,-20,164,0.8561,0.9892,0.7392,6,193
openai,42,test_internal,0,5,batch_size=16__dropout=0.1__embedding=openai__gradient_clip=1.0__hidde_66b01cf1,3.874301910400391e-06,0.0545861592983848,0.0541571794792787,0.0242999999999999,0.0688999999999999,-0.0218,-17,51,0.936,0.9865,0.8919,9,80
openai,42,test_internal,0,6,batch_size=16__dropout=0.1__embedding=openai__gradient_clip=1.0__hidde_66b01cf1,3.874301910400391e-06,0.0613401193471048,-0.0567549550069455,0.0377,-0.0216,0.0780999999999999,67,-16,0.9226,0.8866,0.9824,93,13
openai,42,test_internal,0,7,batch_size=16__dropout=0.1__embedding=openai__gradient_clip=1.0__hidde_66b01cf1,3.874301910400391e-06,0.0673969695665442,-0.0623209264195669,0.0339,-0.0189,0.0706999999999999,60,-14,0.9264,0.894,0.9797,86,15
openai,42,test_internal,1,0,batch_size=16__dropout=0.1__embedding=openai__gradient_clip=1.0__hidde_66b01cf1,3.874301910400391e-06,0.0167908653265984,-0.0157652223038004,0.0088,-0.0014,0.0165999999999999,13,-1,0.9515,0.9481,0.9622,39,28
openai,42,test_internal,1,1,batch_size=16__dropout=0.1__embedding=openai__gradient_clip=1.0__hidde_66b01cf1,3.874301910400391e-06,0.0123167449427436,-0.0104323659674997,0.0037,-0.0014,0.0077,6,-1,0.9566,0.957,0.9622,32,28
openai,42,test_internal,1,2,batch_size=16__dropout=0.1__embedding=openai__gradient_clip=1.0__hidde_66b01cf1,3.874301910400391e-06,0.0202136237234469,0.0198089956128471,0.0036,0.0202999999999999,-0.0128,-10,15,0.9567,0.9775,0.9405,16,44
openai,42,test_internal,1,3,batch_size=16__dropout=0.1__embedding=openai__gradient_clip=1.0__hidde_66b01cf1,3.874301910400391e-06,0.02426271473228,0.0196665884757107,0.0057,0.023,-0.0113999999999999,-9,17,0.9546,0.9761,0.9378,17,46
openai,42,test_internal,1,4,batch_size=16__dropout=0.1__embedding=openai__gradient_clip=1.0__hidde_66b01cf1,3.874301910400391e-06,0.02444708334116,0.0239697892040122,0.0086,0.0311,-0.014,-11,23,0.9517,0.9787,0.9297,15,52
openai,42,test_internal,1,5,batch_size=16__dropout=0.1__embedding=openai__gradient_clip=1.0__hidde_66b01cf1,3.874301910400391e-06,0.0071465864613201,0.0018104033194785,-0.0006999999999999,0.0,-0.0012999999999999,-1,0,0.961,0.966,0.9608,25,29
openai,42,test_internal,1,6,batch_size=16__dropout=0.1__embedding=openai__gradient_clip=1.0__hidde_66b01cf1,3.874301910400391e-06,0.0049636863338302,0.0019431934720022,-0.0006999999999999,0.0,-0.0012999999999999,-1,0,0.961,0.966,0.9608,25,29
openai,42,test_internal,1,7,batch_size=16__dropout=0.1__embedding=openai__gradient_clip=1.0__hidde_66b01cf1,3.874301910400391e-06,0.0394086084144442,-0.0328776754234626,0.014,-0.0161999999999999,0.0378,31,-12,0.9463,0.9269,0.977,57,17
openai,42,test_internal,2,0,batch_size=16__dropout=0.1__embedding=openai__gradient_clip=1.0__hidde_66b01cf1,3.874301910400391e-06,0.0041872399274017,-0.0027902829518902,-0.0006999999999999,-0.0014,-9.9999999999989e-05,0,-1,0.961,0.9648,0.9622,26,28
openai,42,test_internal,2,1,batch_size=16__dropout=0.1__embedding=openai__gradient_clip=1.0__hidde_66b01cf1,3.874301910400391e-06,0.0091719160010437,-0.0058144364459,9.9999999999989e-05,-0.0068,0.0061999999999999,5,-5,0.9602,0.9585,0.9676,31,24
openai,42,test_internal,2,2,batch_size=16__dropout=0.1__embedding=openai__gradient_clip=1.0__hidde_66b01cf1,3.874301910400391e-06,0.0084965137867512,0.0058846602596073,0.0,0.004,-0.0038,-3,3,0.9603,0.9685,0.9568,23,32
openai,42,test_internal,2,3,batch_size=16__dropout=0.1__embedding=openai__gradient_clip=1.0__hidde_66b01cf1,3.874301910400391e-06,0.0041610773610601,0.0030046798036205,-0.0006999999999999,0.0012999999999999,-0.0026,-2,1,0.961,0.9673,0.9595,24,30
openai,42,test_internal,2,4,batch_size=16__dropout=0.1__embedding=openai__gradient_clip=1.0__hidde_66b01cf1,3.874301910400391e-06,0.0142475131037833,0.0061189061691025,-0.0013999999999999,0.0012999999999999,-0.0039,-3,1,0.9617,0.9686,0.9595,23,30
openai,42,test_internal,2,5,batch_size=16__dropout=0.1__embedding=openai__gradient_clip=1.0__hidde_66b01cf1,3.874301910400391e-06,0.0073007730243366,-0.0069934823502231,0.0008,-0.0068,0.0074999999999999,6,-5,0.9595,0.9572,0.9676,32,24
openai,42,test_internal,2,6,batch_size=16__dropout=0.1__embedding=openai__gradient_clip=1.0__hidde_66b01cf1,3.874301910400391e-06,0.0083672392151377,0.0016189227936468,-0.0028999999999999,-0.0040999999999999,-0.0014999999999999,-1,-3,0.9632,0.9662,0.9649,25,26
openai,42,test_internal,2,7,batch_size=16__dropout=0.1__embedding=openai__gradient_clip=1.0__hidde_66b01cf1,3.874301910400391e-06,0.0160050283210949,-0.0126751435027485,0.0073,0.0,0.0129,10,0,0.953,0.9518,0.9608,36,29
openai,52,test_internal,0,0,batch_size=16__dropout=0.1__embedding=openai__gradient_clip=1.0__hidde_46b5773a,3.0994415283203125e-06,0.0437015846740002,0.042188025967549,0.0163999999999999,0.0526999999999999,-0.0207999999999999,-16,39,0.9475,0.9883,0.9122,8,65
openai,52,test_internal,0,1,batch_size=16__dropout=0.1__embedding=openai__gradient_clip=1.0__hidde_46b5773a,3.0994415283203125e-06,0.1281427771599325,-0.123285867850948,0.1001999999999999,-0.0242999999999999,0.1604,151,-18,0.8637,0.8071,0.9892,175,8
openai,52,test_internal,0,2,batch_size=16__dropout=0.1__embedding=openai__gradient_clip=1.0__hidde_46b5773a,3.0994415283203125e-06,0.0198702019062628,-0.0182393339207501,0.0051999999999999,-0.0094,0.0176,14,-7,0.9587,0.9499,0.9743,38,19
openai,52,test_internal,0,3,batch_size=16__dropout=0.1__embedding=openai__gradient_clip=1.0__hidde_46b5773a,3.0994415283203125e-06,0.0471663600408123,-0.0469819479867916,0.017,-0.027,0.0511,43,-20,0.9469,0.9164,0.9919,67,6
openai,52,test_internal,0,4,batch_size=16__dropout=0.1__embedding=openai__gradient_clip=1.0__hidde_46b5773a,3.0994415283203125e-06,0.0204799262544524,0.0098147075113747,0.0121999999999999,0.0216999999999999,0.0020999999999999,1,16,0.9517,0.9654,0.9432,25,42
openai,52,test_internal,0,5,batch_size=16__dropout=0.1__embedding=openai__gradient_clip=1.0__hidde_46b5773a,3.0994415283203125e-06,0.1548085226694684,0.1495414766313882,0.1254999999999999,0.2568,-0.0192999999999999,-17,190,0.8384,0.9868,0.7081,7,216
openai,52,test_internal,0,6,batch_size=16__dropout=0.1__embedding=openai__gradient_clip=1.0__hidde_46b5773a,3.0994415283203125e-06,0.0186317727025989,-0.0178166423102816,0.0043999999999999,-0.0094,0.0162999999999999,13,-7,0.9595,0.9512,0.9743,37,19
openai,52,test_internal,0,7,batch_size=16__dropout=0.1__embedding=openai__gradient_clip=1.0__hidde_46b5773a,3.0994415283203125e-06,0.0077950447749042,0.0011738648421368,-0.0007,0.0,-0.0012999999999999,-1,0,0.9646,0.9688,0.9649,23,26
openai,52,test_internal,1,0,batch_size=16__dropout=0.1__embedding=openai__gradient_clip=1.0__hidde_46b5773a,3.0994415283203125e-06,0.0100785579217372,0.0077150161721573,0.0007,0.0053999999999999,-0.0038,-3,4,0.9632,0.9713,0.9595,21,30
openai,52,test_internal,1,1,batch_size=16__dropout=0.1__embedding=openai__gradient_clip=1.0__hidde_46b5773a,3.0994415283203125e-06,0.0615158346377454,-0.0601330233166323,0.037,-0.0229,0.0782,67,-17,0.9269,0.8893,0.9878,91,9
openai,52,test_internal,1,2,batch_size=16__dropout=0.1__embedding=openai__gradient_clip=1.0__hidde_46b5773a,3.0994415283203125e-06,0.0090813624223471,-0.0058184155443701,0.0058,0.0013999999999999,0.0091999999999999,7,1,0.9581,0.9583,0.9635,31,27
openai,52,test_internal,1,3,batch_size=16__dropout=0.1__embedding=openai__gradient_clip=1.0__hidde_46b5773a,3.0994415283203125e-06,0.0137372367423065,-0.0084889762308593,0.0058,0.0013999999999999,0.0091999999999999,7,1,0.9581,0.9583,0.9635,31,27
openai,52,test_internal,1,4,batch_size=16__dropout=0.1__embedding=openai__gradient_clip=1.0__hidde_46b5773a,3.0994415283203125e-06,0.0127004897692347,0.0126866100167383,0.0020999999999999,0.0121999999999999,-0.0075999999999999,-6,9,0.9618,0.9751,0.9527,18,35
openai,52,test_internal,1,5,batch_size=16__dropout=0.1__embedding=openai__gradient_clip=1.0__hidde_46b5773a,3.0994415283203125e-06,0.03084840674007,0.0281383177632306,0.0106999999999999,0.0364999999999999,-0.0152999999999999,-12,27,0.9532,0.9828,0.9284,12,53
openai,52,test_internal,1,6,batch_size=16__dropout=0.1__embedding=openai__gradient_clip=1.0__hidde_46b5773a,3.0994415283203125e-06,0.0076042408340216,-0.0073345341045169,0.0021999999999999,-0.004,0.0077,6,-3,0.9617,0.9598,0.9689,30,23
openai,52,test_internal,1,7,batch_size=16__dropout=0.1__embedding=openai__gradient_clip=1.0__hidde_46b5773a,3.0994415283203125e-06,0.0095052205361524,0.0068256942332999,0.0007,0.0040999999999999,-0.0024999999999999,-2,3,0.9632,0.97,0.9608,22,29
openai,52,test_internal,2,0,batch_size=16__dropout=0.1__embedding=openai__gradient_clip=1.0__hidde_46b5773a,3.0994415283203125e-06,0.0268236259024738,0.0179229473467929,0.0079,0.0243999999999999,-0.0086999999999999,-7,18,0.956,0.9762,0.9405,17,44
openai,52,test_internal,2,1,batch_size=16__dropout=0.1__embedding=openai__gradient_clip=1.0__hidde_46b5773a,3.0994415283203125e-06,0.0167830642122595,-0.0123642503475657,0.0058,-0.0027,0.0128,10,-2,0.9581,0.9547,0.9676,34,24
openai,52,test_internal,2,2,batch_size=16__dropout=0.1__embedding=openai__gradient_clip=1.0__hidde_46b5773a,3.0994415283203125e-06,0.0036948811646011,-0.0015478125372616,0.0,0.0,0.0,0,0,0.9639,0.9675,0.9649,24,26
openai,52,test_internal,2,3,batch_size=16__dropout=0.1__embedding=openai__gradient_clip=1.0__hidde_46b5773a,3.0994415283203125e-06,0.0068201478377494,-0.0064276444766992,0.0036999999999999,-0.0027,0.009,7,-2,0.9602,0.9585,0.9676,31,24
openai,52,test_internal,2,4,batch_size=16__dropout=0.1__embedding=openai__gradient_clip=1.0__hidde_46b5773a,3.0994415283203125e-06,0.0030545495510798,-0.0019344270772052,0.0,-0.0027,0.0025,2,-2,0.9639,0.965,0.9676,26,24
openai,52,test_internal,2,5,batch_size=16__dropout=0.1__embedding=openai__gradient_clip=1.0__hidde_46b5773a,3.0994415283203125e-06,0.0071387204114727,0.0042546422688835,-0.0007,0.0013999999999999,-0.0025999999999999,-2,1,0.9646,0.9701,0.9635,22,27
openai,52,test_internal,2,6,batch_size=16__dropout=0.1__embedding=openai__gradient_clip=1.0__hidde_46b5773a,3.0994415283203125e-06,0.0105595365645359,0.0099170838027433,0.0020999999999999,0.0094999999999999,-0.005,-4,7,0.9618,0.9725,0.9554,20,33
openai,52,test_internal,2,7,batch_size=16__dropout=0.1__embedding=openai__gradient_clip=1.0__hidde_46b5773a,3.0994415283203125e-06,0.0034522586168644,-0.0006535533529033,0.0014999999999999,0.0026999999999999,9.9999999999989e-05,0,2,0.9624,0.9674,0.9622,24,28
openai,52,validation,0,0,batch_size=16__dropout=0.1__embedding=openai__gradient_clip=1.0__hidde_46b5773a,3.337860107421875e-06,0.0125012974183196,0.0122600136872872,-0.0132999999999999,0.0,-0.0338,-6,0,0.8953,0.6923,0.9759,36,2
openai,52,validation,0,1,batch_size=16__dropout=0.1__embedding=openai__gradient_clip=1.0__hidde_46b5773a,3.337860107421875e-06,0.3351748315440548,-0.3350683722669378,0.3748,0.0,0.4957999999999999,375,0,0.5072,0.1627,0.9759,417,2
openai,52,validation,0,2,batch_size=16__dropout=0.1__embedding=openai__gradient_clip=1.0__hidde_46b5773a,3.337860107421875e-06,0.0087662832164431,-0.0087079428725909,0.0148,0.0,0.0353999999999999,7,0,0.8672,0.6231,0.9759,49,2
openai,52,validation,0,3,batch_size=16__dropout=0.1__embedding=openai__gradient_clip=1.0__hidde_46b5773a,3.337860107421875e-06,0.0398267724084188,-0.0398267724084188,0.0794,0.0,0.1704999999999999,43,0,0.8026,0.488,0.9759,85,2
openai,52,validation,0,4,batch_size=16__dropout=0.1__embedding=openai__gradient_clip=1.0__hidde_46b5773a,3.337860107421875e-06,0.030203956096786,-0.0300398459535954,0.0777999999999999,0.0,0.1675999999999999,42,0,0.8042,0.4909,0.9759,84,2
openai,52,validation,0,5,batch_size=16__dropout=0.1__embedding=openai__gradient_clip=1.0__hidde_46b5773a,3.337860107421875e-06,0.0198748746199375,0.0192470539197633,-0.0346999999999999,0.0,-0.0915,-15,0,0.9167,0.75,0.9759,27,2
openai,52,validation,0,6,batch_size=16__dropout=0.1__embedding=openai__gradient_clip=1.0__hidde_46b5773a,3.337860107421875e-06,0.0223479649422714,-0.0222729091589338,0.0646999999999999,0.0,0.1425999999999999,34,0,0.8173,0.5159,0.9759,76,2
openai,52,validation,0,7,batch_size=16__dropout=0.1__embedding=openai__gradient_clip=1.0__hidde_46b5773a,3.337860107421875e-06,0.0084467663051354,0.0081699763272107,-0.0132999999999999,0.0,-0.0338,-6,0,0.8953,0.6923,0.9759,36,2
openai,52,validation,1,0,batch_size=16__dropout=0.1__embedding=openai__gradient_clip=1.0__hidde_46b5773a,3.337860107421875e-06,0.0071405942077154,0.0069154212724545,-0.0132999999999999,0.0,-0.0338,-6,0,0.8953,0.6923,0.9759,36,2
openai,52,validation,1,1,batch_size=16__dropout=0.1__embedding=openai__gradient_clip=1.0__hidde_46b5773a,3.337860107421875e-06,0.2067174821076203,-0.2066272196899294,0.2684999999999999,0.0,0.423,221,0,0.6135,0.2355,0.9759,263,2
openai,52,validation,1,2,batch_size=16__dropout=0.1__embedding=openai__gradient_clip=1.0__hidde_46b5773a,3.337860107421875e-06,0.0026131805468995,-0.002579860301827,0.0021999999999999,0.0,0.0052999999999999,1,0,0.8798,0.6532,0.9759,43,2
openai,52,validation,1,3,batch_size=16__dropout=0.1__embedding=openai__gradient_clip=1.0__hidde_46b5773a,3.337860107421875e-06,0.0095245481665732,-0.0095204850340661,0.0208,0.0,0.0494999999999999,10,0,0.8612,0.609,0.9759,52,2
openai,52,validation,1,4,batch_size=16__dropout=0.1__embedding=openai__gradient_clip=1.0__hidde_46b5773a,3.337860107421875e-06,0.0023338180706111,0.0022823046603724,-0.0065999999999999,0.0,-0.0165,-3,0,0.8886,0.675,0.9759,39,2
openai,52,validation,1,5,batch_size=16__dropout=0.1__embedding=openai__gradient_clip=1.0__hidde_46b5773a,3.337860107421875e-06,0.0093393100219401,0.0090100198287938,-0.0132999999999999,0.0,-0.0338,-6,0,0.8953,0.6923,0.9759,36,2
openai,52,validation,1,6,batch_size=16__dropout=0.1__embedding=openai__gradient_clip=1.0__hidde_46b5773a,3.337860107421875e-06,0.0012374032073977,-0.000899182842238,0.0,0.0,0.0,0,0,0.882,0.6585,0.9759,42,2
openai,52,validation,1,7,batch_size=16__dropout=0.1__embedding=openai__gradient_clip=1.0__hidde_46b5773a,3.337860107421875e-06,0.0051208655763423,0.0050179092819035,-0.0110999999999999,0.0,-0.0279,-5,0,0.8931,0.6864,0.9759,37,2
openai,52,validation,2,0,batch_size=16__dropout=0.1__embedding=openai__gradient_clip=1.0__hidde_46b5773a,3.337860107421875e-06,0.0095441300590758,-0.0093996577563633,0.0127,0.0,0.0305999999999999,6,0,0.8693,0.6279,0.9759,48,2
openai,52,validation,2,1,batch_size=16__dropout=0.1__embedding=openai__gradient_clip=1.0__hidde_46b5773a,3.337860107421875e-06,0.0034165917272743,-0.0032797701388985,0.0021999999999999,0.0,0.0052999999999999,1,0,0.8798,0.6532,0.9759,43,2
openai,52,validation,2,2,batch_size=16__dropout=0.1__embedding=openai__gradient_clip=1.0__hidde_46b5773a,3.337860107421875e-06,0.001258755804954,-0.0012070705735473,0.0,0.0,0.0,0,0,0.882,0.6585,0.9759,42,2
openai,52,validation,2,3,batch_size=16__dropout=0.1__embedding=openai__gradient_clip=1.0__hidde_46b5773a,3.337860107421875e-06,0.003231919802379,-0.0032022780768089,0.0042999999999999,0.0,0.0104999999999999,2,0,0.8777,0.648,0.9759,44,2
openai,52,validation,2,4,batch_size=16__dropout=0.1__embedding=openai__gradient_clip=1.0__hidde_46b5773a,3.337860107421875e-06,0.0006157213294201,-0.0001020057923392,-0.0021999999999999,0.0,-0.0054,-1,0,0.8842,0.6639,0.9759,41,2
openai,52,validation,2,5,batch_size=16__dropout=0.1__embedding=openai__gradient_clip=1.0__hidde_46b5773a,3.337860107421875e-06,0.0018368000662389,4.883951136172901e-06,-0.0065999999999999,0.0,-0.0165,-3,0,0.8886,0.675,0.9759,39,2
openai,52,validation,2,6,batch_size=16__dropout=0.1__embedding=openai__gradient_clip=1.0__hidde_46b5773a,3.337860107421875e-06,0.0009474829972483,-0.0002812004284163,-0.0021999999999999,0.0,-0.0054,-1,0,0.8842,0.6639,0.9759,41,2
openai,52,validation,2,7,batch_size=16__dropout=0.1__embedding=openai__gradient_clip=1.0__hidde_46b5773a,3.337860107421875e-06,0.0004676849903942,9.456358741756465e-05,-0.0021999999999999,0.0,-0.0054,-1,0,0.8842,0.6639,0.9759,41,2
