seed,split,model_name,dataset_name,accuracy,f1_macro,f1_scam,precision_macro,recall_macro,precision_scam,recall_scam,roc_auc,pr_auc,TP,TN,FP,FN
42,test_internal,majority,test_internal,0.9619,0.9617,0.9642,0.9618,0.9617,0.9636,0.9649,0.9901,0.9922,714,623,27,26
42,test_internal,soft,test_internal,0.9612,0.961,0.9636,0.9611,0.9609,0.9623,0.9649,0.9901,0.9922,714,622,28,26
42,test_internal,calibrated_logit_sum,test_internal,0.9604,0.9603,0.9629,0.9604,0.9601,0.961,0.9649,0.9908,0.9927,714,621,29,26
42,validation,majority,validation,0.9649,0.8953,0.81,0.8451,0.97,0.6923,0.9759,0.9948,0.9023,81,964,36,2
42,validation,soft,validation,0.9649,0.8953,0.81,0.8451,0.97,0.6923,0.9759,0.9948,0.9023,81,964,36,2
42,validation,calibrated_logit_sum,validation,0.9649,0.8953,0.81,0.8451,0.97,0.6923,0.9759,0.9839,0.7036,81,964,36,2
52,test_internal,majority,test_internal,0.964,0.9638,0.9664,0.9644,0.9634,0.96,0.973,0.9892,0.9908,720,620,30,20
52,test_internal,soft,test_internal,0.9626,0.9624,0.9651,0.9628,0.9621,0.9599,0.9703,0.9892,0.9908,718,620,30,22
52,test_internal,calibrated_logit_sum,test_internal,0.9626,0.9624,0.9651,0.9628,0.9621,0.9599,0.9703,0.9902,0.9919,718,620,30,22
52,validation,majority,validation,0.964,0.8931,0.806,0.8422,0.9695,0.6864,0.9759,0.9794,0.6396,81,963,37,2
52,validation,soft,validation,0.9649,0.8953,0.81,0.8451,0.97,0.6923,0.9759,0.9794,0.6396,81,964,36,2
52,validation,calibrated_logit_sum,validation,0.9649,0.8953,0.81,0.8451,0.97,0.6923,0.9759,0.9812,0.673,81,964,36,2
62,test_internal,majority,test_internal,0.9561,0.956,0.9584,0.9556,0.9565,0.967,0.95,0.9878,0.9901,703,626,24,37
62,test_internal,soft,test_internal,0.9568,0.9567,0.959,0.9563,0.9574,0.9696,0.9486,0.9878,0.9901,702,628,22,38
62,test_internal,calibrated_logit_sum,test_internal,0.9568,0.9567,0.959,0.9563,0.9574,0.9696,0.9486,0.9885,0.9905,702,628,22,38
62,validation,majority,validation,0.9658,0.8976,0.8141,0.8481,0.9705,0.6983,0.9759,0.9835,0.6798,81,965,35,2
62,validation,soft,validation,0.9649,0.8953,0.81,0.8451,0.97,0.6923,0.9759,0.9835,0.6798,81,964,36,2
62,validation,calibrated_logit_sum,validation,0.9649,0.8953,0.81,0.8451,0.97,0.6923,0.9759,0.9766,0.5929,81,964,36,2
